-- phpMyAdmin SQL Dump
-- version 5.1.1
-- https://www.phpmyadmin.net/
--
-- Host: 127.0.0.1
-- Waktu pembuatan: 09 Okt 2022 pada 03.54
-- Versi server: 10.4.21-MariaDB
-- Versi PHP: 8.0.12

SET SQL_MODE = "NO_AUTO_VALUE_ON_ZERO";
START TRANSACTION;
SET time_zone = "+00:00";


/*!40101 SET @OLD_CHARACTER_SET_CLIENT=@@CHARACTER_SET_CLIENT */;
/*!40101 SET @OLD_CHARACTER_SET_RESULTS=@@CHARACTER_SET_RESULTS */;
/*!40101 SET @OLD_COLLATION_CONNECTION=@@COLLATION_CONNECTION */;
/*!40101 SET NAMES utf8mb4 */;

--
-- Database: `dbperpus`
--

-- --------------------------------------------------------

--
-- Struktur dari tabel `dataauthor`
--

CREATE TABLE `dataauthor` (
  `NO` int(11) NOT NULL,
  `AuthorID` varchar(100) NOT NULL,
  `Author` varchar(100) DEFAULT NULL
) ENGINE=InnoDB DEFAULT CHARSET=utf8;

--
-- Dumping data untuk tabel `dataauthor`
--

INSERT INTO `dataauthor` (`NO`, `AuthorID`, `Author`) VALUES
(3, 'RID', 'FRITZ RIDENOUR'),
(4, 'FOU', 'KEITH A.FOURNIER'),
(5, 'HON', 'DR. A.G. HONIG JR.'),
(8, 'HEN', 'DRS. D. HENDROPUSPITO'),
(9, 'AND', 'NEIL T. ANDERSON'),
(10, 'MAR', 'WALTER R. MARTIN'),
(13, 'KIL', 'PHYLLIS KILBOURN'),
(14, 'MCK', 'JIM MCKEEVER'),
(15, 'BRU', 'ALEXANDER BALMAIN BRUCE'),
(16, 'WIE', 'TRUUS WIERDA'),
(17, 'ATK', 'BASIL F. C. ATKINSON'),
(18, 'WIN', 'RALPH D. WINTER'),
(19, 'WEB', 'DICK AND FLO WEBSTER'),
(20, 'EYR', 'STEPHEN EYRE'),
(21, 'SIN', 'HAM TJENG SIN'),
(22, 'SWI', 'CHARLES R. SWINDOLL'),
(23, 'VIC', 'VICTOR BOOKS'),
(24, 'SIR', 'SYLVIA SIRAG'),
(25, 'HAY', 'ALAN HAYWARD'),
(26, 'GAN', 'KENNETH O. GANGEL'),
(27, 'VIN', 'EILEEN VINCENT'),
(28, 'THO', 'BODIE THOENE'),
(29, 'GRE', 'MICHAEL GREEN'),
(30, 'HIN', 'ALETHA HINTHORN'),
(31, 'REE', 'BRUCE REEKIE'),
(32, 'BOL', 'AMY BOLDING'),
(33, 'PAR', 'REV GEORGE P. PARDINGTON, PH.D.'),
(34, 'BUR', 'LARRY BURKETT'),
(35, 'FOS', 'RICHARD J. FOSTER'),
(36, 'PRI', 'KEITH A. PRICE'),
(37, 'PET', 'WILLIAM L.PETERSON'),
(38, 'FOR', 'GEORGE FORD'),
(39, 'RET', 'JHON BUNYAN RETOLD'),
(40, 'RIN', 'ROSALIND RINKER'),
(41, 'ZEL', 'MARGARET P ZELINKA'),
(42, 'MIL', 'KEITH MILLER'),
(43, 'LEE', 'KEITH J.LEENHOUTS'),
(44, 'COR', 'JUDSON CORNWALL'),
(45, 'RON', 'K.A.M JUSUF RONI'),
(46, 'AUG', 'DAVID AUGSBURGER'),
(47, 'EPP', 'THEODORE H. EPP'),
(48, 'ASH', 'ANTHONY L. ASH'),
(49, 'MEC', 'DAVE MACPHERSON'),
(50, 'MAX', 'L.E.MAXWELL'),
(51, 'CAP', 'CHARLES CAPPS'),
(52, 'MAC', 'GEORGE MACDONALD'),
(53, 'ASK', 'EDDIE ASKEW'),
(54, 'LEW', 'C.S.LEWIS'),
(55, 'PIK', 'PETER PIKKERT'),
(56, 'NEE', 'WATCMAN NEE'),
(57, 'HOU', 'TOM HOUSTON'),
(58, 'MIM', 'NEHEMIAH MIMERY'),
(59, 'MOS', 'DONALD G.MOSTROM'),
(60, 'TAY', 'AUDREY TAYLOR'),
(61, 'DAY', 'EDWARD R, DAYTON'),
(62, 'PIT', 'JAN PIT'),
(63, 'ALD', 'DR.WILLARD M. ALDRICH'),
(64, 'BAC', 'WILLIAM BACKUS,M.TH.,PH.D'),
(65, 'BLA', 'HUGH B.BLACK'),
(66, 'SLA', 'DR. KSRL A. SLAIKEU'),
(67, 'KUH', 'KATHRYN KUHLMAN'),
(68, 'BAX', 'J. SIDLOW BAXTER'),
(69, 'FRO', 'DEVERN F.FROMKE'),
(70, 'MCA', 'CAMPBELL MCALPINE'),
(71, 'NOR', 'NORM LEWIS'),
(72, 'HUG', 'JOYCE HUGGETT'),
(73, 'VER', 'GEORGE VERWER'),
(74, 'RIC', 'JHON R. RICE'),
(75, 'FRA', 'DICK FRANCE'),
(76, 'BRO', 'HAROLD J.BROKKE'),
(77, 'CHA', 'OSWALD CHAMBERS'),
(78, 'MUR', 'ANDREW MURRAY'),
(79, 'WEN', 'PAUL M. MCKOWEN'),
(80, 'MCG', 'J.VERNON MCGEE'),
(81, 'HEG', 'T.A.HEGRE'),
(82, 'BRI', 'JILL BRISCOE'),
(83, 'VERG', 'HABEL G. VERGHESE'),
(84, 'HUR', 'HANNAH HURNARD'),
(85, 'HUE', 'F.J.HUEGEL'),
(86, 'STI', 'ALAN M. STIBBS,M.A.'),
(87, 'GREE', 'GRAHAM GREENE'),
(88, 'REN', 'CALVIN L.RENATA, S.TH'),
(89, 'MIC', 'MICHAEL GREEN'),
(90, 'LIN', 'GORDON LINDSAY'),
(91, 'WIL', 'SAM WILSON'),
(92, 'SAN', 'W.E. SANGSTER'),
(93, 'HUR', 'HANNAH HURNARD'),
(94, 'KUH', 'MED. RENATE KUHL'),
(95, 'GRE', 'REV.JHON GREENFIELD'),
(96, 'WAL', 'ARTHUR WALLIS'),
(97, 'MACA', 'JHON MACARTHUR,JR'),
(98, 'HEU', 'F.J.HUEGEL'),
(99, 'BOO', 'CORRIE TEN BOOM'),
(100, 'LOH', 'JOHANNES LOHMANN'),
(101, 'PUY', 'ABE C.VAN DER PUY'),
(102, 'NAR', 'CLYDE M.NARRAMORE,ED.D'),
(103, 'MEY', 'F.B.MEYER'),
(104, 'CHAD', 'SAMUEL CHADWICK'),
(105, 'LAW', 'WILLIAM LAW'),
(106, 'HES', 'ROY HESSION'),
(107, 'WILS', 'T.W.WILSON'),
(108, 'GRA', 'BILLY GRAHAM'),
(109, 'BIL', 'PAUL E.BILLHEIMER'),
(110, 'LIT', 'L.GILBERT LITTLE,M.D'),
(111, 'HINN', 'BENNY HINN'),
(112, 'WRA', 'PAT WRAIGHT'),
(113, 'KEM', 'THOMAS A KEMPIS'),
(114, 'DIN', 'STEWART DINNEN'),
(115, 'STE', 'OVERTON STEPHENS'),
(116, 'HAL', 'O.HALLESBY'),
(117, 'HAY', 'ALICE HAYES TAYLOR'),
(118, 'SHE', 'CHARLES M. SHELDON'),
(119, 'EST', 'GULSHAN ESTHER'),
(120, 'URQ', 'COLIN URQUHART'),
(121, 'REA', 'JOYCE REASON'),
(122, 'DAV', 'CYRIL J. DAVEY'),
(123, 'CEN', 'HADSON TAYLOR & CHINA\'S OPEN CENTURY'),
(124, 'BRO', 'A.J.BROOMHALL'),
(125, 'BROO', 'MARSHALL BROOMHALL'),
(126, 'POY', 'ALICE POYNOR'),
(127, 'CAS', 'MICHAEL CASSIDY'),
(128, 'JOH', 'PATRECIA M. ST JHON'),
(129, 'SHI', 'BILL & SHIRLEY LEES'),
(130, 'PEA', 'B.H.PEARSON'),
(131, 'MAS', 'STEVEN MASOOD'),
(132, 'JOHN', 'MARGARET JOHNSON'),
(133, 'DUE', 'WESLEY L.DUEWEL'),
(134, 'HALL', 'JOE HALE'),
(135, 'MAT', 'R. ARTHUR MATHEWS'),
(136, 'STEV', 'HUGH STEVEN'),
(137, 'POL', 'JHON POLLOCK'),
(138, 'SUS', 'NY.A.D.SUSILARADEYA'),
(139, 'ROG', 'HELENA ROGERS'),
(140, 'SAND', 'CARL SANDBURG'),
(141, 'WIL', 'DOROTHY C WILSON'),
(142, 'CON', 'JOSEPH CONRAD'),
(143, 'THOM', 'PHYLLIS THOMPSON'),
(144, 'LAM', 'NORA LAM'),
(145, 'LAG', 'PAR LAGERKVIST'),
(146, 'TOW', 'ANNE J TOWNSEND'),
(147, 'ANDE', 'KEN ANDERSON'),
(148, 'ELL', 'ELISABETH ELLIOT'),
(149, 'BOS', 'ALFRED BOSSHARDT'),
(150, 'NORT', 'BARBARA NORTH'),
(151, 'CAST', 'FIONA CASTLE'),
(152, 'STEI', 'JHON STEINBECK'),
(153, 'TRE', 'MAXINE TREJO'),
(154, 'ARI', 'PDT.ABEDNEGO ARIFIN'),
(155, 'JON', 'E.STANLEY JOHANES'),
(156, 'EDW', 'JANICE EDWARDS'),
(157, 'CHO', 'DR. PAUL YONGGI CHO'),
(158, 'LOL', 'SERENE LOLAND'),
(159, 'MILL', 'BASIL MILLER'),
(160, 'OKE', 'JANETTE OKE'),
(161, 'A.J.B', 'A.J. BROOMHALL'),
(162, 'KIN', 'MARIE GENTERT KING'),
(163, 'ELW', 'ROGER ELWOOD'),
(164, 'TAYL', 'MRS HOWARD TAYLOR'),
(165, 'ROH', 'NORMAN B. ROHRER'),
(166, 'SPR', 'REBECCA RUTER SPRINGER'),
(167, 'BAS', 'DON BASHAM'),
(168, 'LAWR', 'BROTHER LAWRENCE'),
(169, 'SMI', 'MALCOLM SMITH'),
(170, 'HIT', 'RUSSELL T. HITT'),
(171, 'SIM', 'A.SIMS'),
(172, 'HEF', 'MARTI HEFLEY'),
(173, 'HAR', 'DOUGLAS HARE'),
(174, 'MCC', 'RAY MCCAULEY'),
(175, 'THOMP', 'DR. BRUCE THOMPSON'),
(176, 'WALL', 'DAVID WALLINGTON'),
(177, 'MOR', 'MARABEL MORGAN'),
(178, 'OPP', 'H.A. OPPUSUNGGU'),
(179, 'ESTV', 'JONI EARECKSON & STEVE ESTES'),
(180, 'BUC', 'JAMIE BUCKINGHAM'),
(181, 'TSA', 'CHRISTIANA TSAI'),
(182, 'ANDR', 'BROTHER ANDREW'),
(183, 'WALLI', 'ETHEL EMILY WALLIS'),
(184, 'HENR', 'MSRGUERITE HENRY'),
(185, 'WILL', 'MABEL WILLIAMSON'),
(186, 'OLS', 'BRUCE OLSON'),
(187, 'CUT', 'WILLIAM A. CUTTS'),
(188, 'BRE', 'DAVE BREESE'),
(189, 'MAN', 'HELEN MANNING'),
(190, 'CAB', 'MILDREN CABLE'),
(191, 'CAR', 'AMY CARMICHAEL'),
(192, 'PRIN', 'LYDIA PRINCE'),
(193, 'BROW', 'JOAN WINMILL BROWN'),
(194, 'RICH', 'DON RICHARDSON'),
(195, 'EDWA', 'GENE EDWARDS'),
(196, 'WAT', 'GRACE WATKINS'),
(197, 'CRO', 'EILEEN CROSSMAN'),
(198, 'WIL', 'JILL WILLIAMS'),
(199, 'EAT', 'JEANETTE EATON'),
(200, 'WAG', 'C. PETER WAGNER'),
(201, 'HAG', 'DAVE HAGELBERG,M.TH.'),
(202, 'WALT', 'ANDREW E.HILL & JHON H. WALTON'),
(203, 'BOLA', 'B.J. BOLAND'),
(204, 'DAU', 'PDT. PAULUS DAUN, M.DIV,, M.TH'),
(205, 'H.EP', 'DAWSON TROTMAN AND THEODORE H.EPP'),
(206, 'RHE', 'GAILYN VAN RHEENEN'),
(207, 'MORR', 'ORD L. MORROW'),
(208, 'HUN', 'A.M.HUNTER'),
(209, 'LIND', 'HAL LINDSEY'),
(210, 'PIN', 'A.W.PINK'),
(211, 'WEI', 'G. CHRISTIAN WEISS'),
(212, 'PHI', 'JHON PHILLIPS'),
(213, 'JONE', 'D.MARTYN LLOYD-JONES'),
(214, 'LUC', 'G.GOLEMAN LUCK'),
(215, 'ROB', 'H. WHEELER ROBINSON'),
(216, 'BLO', 'ARTHUR E. BLOOMFIELD'),
(217, 'JAC', 'JOY JACOBS'),
(218, 'EDE', 'REV DR. EDERSHEIM'),
(219, 'SCH', 'MARILYN KUNZ AND CATHERINE SCHELL'),
(220, 'ORR', 'J. EDWIN ORR'),
(221, 'TAL', 'ROBERT TALIAFERRO BROOKE'),
(222, 'LEM', 'THOM LEMMONS'),
(223, 'HARR', 'NORMAN B. HARRISON'),
(224, 'ROS', 'DR.LEON ROSENBERG'),
(225, 'SANN', 'LORNE C.SANNY'),
(226, 'MURR', 'G.R.BEASLEY-MURRAY'),
(227, 'PIP', 'JHON PIPER'),
(228, 'MART', 'ALFRED MARTIN, TH.D'),
(229, 'LEWI', 'JESSIE PENN-LEWIS'),
(230, 'R.K.H', 'R.K.HARRISON,B.D.M.TH.,PH.D'),
(231, 'SMIT', 'WOODROW W.SMITH'),
(232, 'STR', 'LEHMAN STRAUSS'),
(233, 'PHIL', 'GEORGE M.PHILIP'),
(234, 'WILLI', 'DAVID JHON WILLIAMS'),
(235, 'VRI', 'TH.C.VRIEZEN'),
(236, 'APO', 'BILLY APOSTOLON'),
(237, 'BRUC', 'F.F.BRUCE, M.A.,'),
(238, 'BUCH', 'ALEX BUCHANAN'),
(239, 'VAN', 'ABE C.VAN DER PUY'),
(240, 'NAI', 'P.S.NAIPOSPOS DAN J.J DE HEER'),
(241, 'COL', 'CHARLES COLSON'),
(242, 'DRA', 'JHON W. DRANE'),
(243, 'REND', 'T.S. RENDALL'),
(244, 'MACD', 'WILLIAM MACDONALD'),
(245, 'LON', 'RICHARD N. LONGENECKER'),
(246, 'HAYW', 'ALAN HAYWARD'),
(247, 'FER', 'SINGLAIR B. FERGUSON'),
(248, 'STED', 'RAY C. STEDMAN'),
(249, 'YOH', 'RICK YOHN'),
(250, 'KIL', 'PHILLIS KILBOURN EDITOR'),
(251, 'ATK', 'BASIL F.C. ATKINSON'),
(252, 'RICHA', 'LAWRENCE O. RICHARDS'),
(253, 'HUNT', 'DAVE HUNT'),
(254, 'MCE', 'ALTON H.MCEACHERN'),
(255, 'FIN', 'CHARLES G.FINNEY'),
(256, 'ELY', 'LOIS NEELY'),
(257, 'IAN', 'J.A.MACMILLIAN'),
(258, 'KNE', 'THE KNEELING CHRISTIAN'),
(259, 'ZWE', 'SAMUELNM.ZWEMER'),
(260, 'TAS', 'V.G.TASKER'),
(261, 'MIC', 'MICHAEL R.PHILILIPS'),
(262, 'BRA', 'WILLYS K.BRAUN'),
(263, 'LUZ', 'LOUIS J.LUZBETAK'),
(264, 'JAM', 'JAMES R.HAYES & JAMES M.HENSLIN'),
(265, 'DON', 'DON M.MCCURRY'),
(266, 'TOM', 'Y.TOMATALA'),
(267, 'SIR', 'SIR NORMAN ANDERSON'),
(268, 'STO', 'JOHN R.W STOTT'),
(269, 'KEY', 'MARGARET FROMER & SHARREL KEYES'),
(270, 'MEL', 'FRED JOHN MELDAU'),
(271, 'MAY', 'SHERWOOD G.LINGENFELTER & MARVIN K.MAYERS'),
(272, 'INC', 'MORRIS A.INCH'),
(273, 'KRO', 'A.L KROEBER'),
(274, 'SKI', 'TOM SKINNER'),
(275, 'CO', 'JHONN STOTT & ROBERT T. COOTE'),
(276, 'K.MA', 'STEPHEN A. GRUNLAN AND MARVIN K.MAYERS'),
(277, 'GAV', 'DONALD MCGAVRAN'),
(278, 'ESH', 'BONG RIN RO & RUTH ESHENAUR'),
(279, 'LING', 'SHERWOOD G. LINGENFELTER & MARVIN K. MAYERS'),
(280, 'HESS', 'DAVID J. HESSLGRAVE'),
(281, 'FLE', 'BRUCE C.E.FLEMING'),
(282, 'SER', 'ELMAN R.SERVICE'),
(283, 'BEA', 'RALPH L.BEALS'),
(284, 'FOST', 'GEORGE M. FOSTER'),
(285, 'FORD', 'GEORGE FORD'),
(286, 'LOE', 'JACOB A.LOEWEN'),
(287, 'HIE', 'PAUL G.HIEBERT'),
(288, 'AXT', 'ROGER E. AXTELL'),
(289, 'PAC', 'J.L PACKER'),
(290, 'OCT', 'DR.P.OCTAVIANUS'),
(291, 'WAD', 'HERBERT WADDAMS'),
(292, 'F.TH', 'GEORGE F.THOMAS'),
(293, 'PRIO', 'KENNETH F.W.PRIOR'),
(294, 'KEE', 'HOWARD CLARK KEE'),
(295, 'SOE', 'SOEGIARTO'),
(296, 'DOLL', 'SWINDOLL'),
(297, 'EVA', 'COLLEEN TOWNSEND EVANS'),
(298, 'MARS', 'L.H.MARSHALL,B.A.,B.D.'),
(299, 'WIE', 'DEAN WIEBRACHT'),
(300, 'BRY', 'DAVID BRYANT'),
(301, 'MCL', 'JAMES MCLEISH'),
(302, 'OLSO', 'C.GORDON OLSON'),
(303, 'BASS', 'RODGER C.BASSHAM'),
(304, 'KAN', 'J.HERBERT KANE'),
(305, 'FUL', 'BY W. HAROLD FULLER'),
(306, 'KYL', 'COMPILED BY JOHN E.KYLE'),
(307, 'DOU', 'J.D.DOUGLAS'),
(308, 'PETE', 'GEORGE W. PETERS'),
(309, 'GRI', 'VIV GRIGG'),
(310, 'WIEB', 'DEAN WIEBRACHT'),
(311, 'PAU', 'EARL PAULK'),
(312, 'WEL', 'JAMES H. KRAAKEVIK & DOTSEY WELLIVER'),
(313, 'SUG', 'SAMUEL &  SUGDEN'),
(314, 'PAT', 'PDT.ZACHARIAS PATTIMUKAY S.TH'),
(315, 'GER', 'VERGIL GERBER'),
(316, 'HAO', 'YAP KIM HAO'),
(317, 'MYE', 'BRYANT L.MYERS'),
(318, 'HARL', 'C.DAVID HARLEY'),
(319, 'SIL', 'ED SILVOSO'),
(320, 'DYR', 'WILLIAM A.DYRNESS'),
(321, 'KEI', 'LEVI KEIDEL'),
(322, 'VEN', 'DR. JUN VENCER'),
(323, 'DAV', 'WILLIAM DAVID TAYLOR'),
(324, 'ROD', 'THOMAS RODGERS,D.MIN'),
(325, 'BOE', 'T.G.R.BOEKER,M TH'),
(326, 'THEO', 'THEODORE LILLIAMS'),
(327, 'TOMA', 'J.J TOMASOA'),
(328, 'GRU', 'NORMAN P.GRUBB'),
(329, 'MICK', 'ALVERA MICKELSEN'),
(330, 'BUS', 'LUIS K. BUSH'),
(332, 'BACO', 'DANIEL W.BACON'),
(333, 'GRIF', 'MICHAEL GRIFFITHS'),
(334, 'TOB', 'K.M.L TOBING'),
(335, 'SOG', 'VIGGO SOGAARD'),
(336, 'PIE', 'PAUL E.PIERSON'),
(337, 'ODO', 'KELLY ODONNELL'),
(338, 'BAR', 'JEAN E BARNICOAT'),
(339, 'STA', 'ALLAN STARLING'),
(340, 'HIL', 'DON W HILLIS,D.D'),
(341, 'COLL', 'MARJORIE COLLINS'),
(343, 'VAL', 'JOHN A. SIEWERT AND EDNA G. VALDEZ'),
(344, 'KIM', 'SANG-BOK DAVID KIM'),
(345, 'WAG', 'C.PETER WAGNER'),
(346, 'CONN', 'HARVIE M. CONN'),
(347, 'STRA', 'GERALD H.ANDERSON & THOMAS F.STRANSKY C.S.P'),
(348, 'YAM', 'TETSUNAO YAMAMORI'),
(349, 'TONG', 'PDT.DR. STEPEN TONG'),
(350, 'BOM', 'CAL R BOMBAY'),
(352, 'DRE', 'RICHARD L.DRESSELHAUS'),
(353, 'RIS', 'RON RISSE'),
(354, 'COLE', 'ROBERT E. COLEMAN'),
(355, 'SCHU', 'DELL & RACHEL SCHULTZ'),
(356, 'STO', 'JOHN R.W. STOTT'),
(357, 'ABD', 'ABD-ALMASIH'),
(358, 'GIB', 'NEOL C.GIBSON'),
(359, 'KUI', 'DR. A. DE KUIPER'),
(360, 'BON', 'REINHARD BONNKE'),
(361, 'MON', 'JIM MONTGOMERY'),
(362, 'JAD', 'ISKANDER JADEED'),
(363, 'HOW', 'RICHARD HOWELL'),
(364, 'JOY', 'RICK JOYNER'),
(365, 'KINS', 'ROSS KINSLER'),
(366, 'RIDD', 'RICHARD R.DE RIDDER'),
(367, 'MALC', 'MALCOLM BROWNLEE'),
(368, 'HARLO', 'R.E. HARLOW'),
(369, 'MCQ', 'ROBERTSON MCQUILKIN'),
(370, 'SINC', 'MAURICE SINCLAIR'),
(372, 'MCGA', 'DONALD A.MCGAVRAN'),
(373, 'BOSC', 'DAVID J.BOSCH'),
(374, 'PIPP', 'REBECCA MANLEY PIPPERT'),
(375, 'BEN', 'GEOFF BENGE'),
(376, 'STEG', 'WOLFGANG STEGEMANN'),
(377, 'OLF', 'STEPHEN F.OLFORD, D.D'),
(378, 'ABR', 'SURADI BEN ABRAHAM'),
(379, 'LAN', 'NORMAN F.LANGFORD'),
(380, 'BONA', 'HORATIUS BONAR'),
(381, 'LOV', 'C.S. LOVETT, M.A., B.D,D.D'),
(382, 'WANG', 'THOMAS WANG'),
(383, 'BROU', 'DAVID R. BROUGHAM'),
(384, 'WILSO', 'SAMUEL WILSON'),
(385, 'ALL', 'ROLAND ALLEN'),
(386, 'PES', 'CONNY PESULIMA'),
(387, 'JON', 'JONATHAN LEWIS'),
(388, 'JOHA', 'MARY OHARA-DEVEREUX & ROBERT JOHANSEN'),
(389, 'SET', 'IGNATIUS SETIAWAN'),
(390, 'WAGI', 'WAGIONO'),
(391, 'ELLI', 'GLEN ELLIOTT'),
(392, 'CHAM', 'JONATHAN B CHAMBERLAIN'),
(393, 'JACO', 'CINDY JACOBS'),
(394, 'ALS', 'DAVID ALSOBROOK'),
(395, 'ROBE', 'GRAHAM ROBERTS'),
(396, 'HUGH', 'SELWYN HUGHES'),
(397, 'WYO', 'OLIVE WYON'),
(398, 'MOH', 'WALTER MOHR'),
(399, 'CARL', 'C.J.CARLSEN'),
(400, 'WINT', 'ROBERTA H.WINTER'),
(401, 'GEL', 'DONALD L. GELPI,S.J.'),
(402, 'SMITH', 'M.A.SMITH'),
(403, 'EBB', 'EBBIE C. SMITH'),
(404, 'JR', 'AVERY T.WILLIS,JR'),
(405, 'LAT', 'KENNETH SCOTT LATOURETTE'),
(406, 'HER', 'HERLIANTO'),
(407, 'TOWN', 'ELMER TOWNS'),
(408, 'SHEL', 'BRUCE SHELLEY'),
(409, 'LAW', 'CARL LAWRENCE'),
(410, 'GLAD', 'GLADYS EDWARDS'),
(411, 'LEES', 'SHIRLEY LEES'),
(412, 'WES', 'HAROLD J. WESTING'),
(413, 'MCQU', 'ELWOOD MCQUAID'),
(414, 'PHY', 'DAVID PHYPERS'),
(415, 'ART', 'JOHN F.MAC ARTHUR JR.'),
(416, 'LIM', 'GILBERTO E. DE LIMA'),
(417, 'BET', 'HENRY BETTENSON'),
(418, 'BROA', 'E.H.BROADBENT'),
(419, 'GOT', 'INSTRUCTOR: BILL GOTHARD'),
(420, 'SEL', 'JACK SELFRIDGE'),
(421, 'BROWN', 'W.HERBERT BROWN'),
(422, 'NOO', 'MENES ABDUL NOOR'),
(423, 'RODM', 'J.RODMAN WILLIAMS'),
(424, 'SUSA', 'YACUB B. SUSABDA'),
(425, 'SIMP', 'REV. A.B.SIMPSON,D.D.'),
(426, 'BER', 'LOUIS BERKHOF'),
(427, 'LEO', 'LEON MORRIS'),
(428, 'SHIN', 'ROGER L. SHINN'),
(429, 'WOO', 'LESLIE H. WOODSON'),
(430, 'BRIG', 'JOHN BRIGHT'),
(431, 'MICKS', 'MARIANNE H. MICKS'),
(432, 'KNO', 'VIJAY MENON & DERRICK KNOWLTON'),
(433, 'NOU', 'HENRI J.M.NOUWEN'),
(434, 'CHR', 'EVELYN CHRISTENSON'),
(435, 'DAVI', 'DAVID WILKERSON'),
(436, 'BIL', 'PAUL E.BILLHEIMER'),
(437, 'BEY', 'DR. ULRICK BEYER'),
(438, 'BARC', 'OLIVER R. BARCLAY'),
(439, 'HAM', 'T.C.HAMMOND'),
(440, 'SIH', 'LOTNATIGOR SIHOMBING,M.TH'),
(441, 'PAN', 'WOLFHART PANNENBERG'),
(442, 'MCK', 'DR. JAMES MCKEEVER'),
(443, 'MCLE', 'W.L.MCLEOD'),
(444, 'NAS', 'RONALD NASH'),
(445, 'NIF', 'DR.G.C.VAN NIFTRIK'),
(446, 'CRA', 'W.GARY CRAMPTON'),
(447, 'LEA', 'LARRY LEA'),
(448, 'WON', 'PDT.DR.PETER WONGSO'),
(449, 'LED', 'GLEASON H.LEDYARD'),
(450, 'THI', 'HENRY C. THIESSEN'),
(451, 'TIN', 'ARNOLD TINDAS'),
(452, 'DER', 'DEREK PRINCE'),
(453, 'BUIS', 'HARRY BUIS'),
(454, 'GUY', 'GUY DUTY'),
(455, 'BRIL', 'J.W.BRILL'),
(456, 'REN', 'GEORGE W.RENWICK'),
(457, 'BONS', 'H.BRASH BONSALL'),
(458, 'HUM', 'CHARLES G,HUMMEL'),
(459, 'BULL', 'FLORENCE BULLE'),
(460, 'HAD', 'DR.H.HADIWIJONO'),
(461, 'BRUN', 'EMIL BRUNNER'),
(462, 'SOED', 'DR.R.SOEDARMO'),
(463, 'KIR', 'SALEM KIRBAN'),
(464, 'PINN', 'CHARLES PINNOCK'),
(465, 'CHOY', 'LEONA FRANCES CHOY'),
(466, 'HUN', 'DAVID HUNT'),
(467, 'DEN', 'JAMES DENNEY.D.D'),
(468, 'MORRI', 'HENRY M.MORRIS'),
(469, 'THOMA', 'R.W.THOMAS'),
(470, 'ZAC', 'ARCPRIEST ZACHARIAH BUTRUS'),
(471, 'POO', 'ZAC POONEN'),
(472, 'ALA', 'K.K. ALAVI'),
(473, 'NAA', 'GHULAM MASIH NAAMAN'),
(474, 'MARSH', 'CHARLES MARSH'),
(475, 'BUT', 'ZACHARIAH BUTRUS'),
(476, 'GIL', 'JHON GILCHRIST'),
(477, 'PAUL', 'SULTAN MUHAMMED PAUL'),
(478, 'AMB', 'HAMRAN AMBRIE'),
(479, 'PAL', 'BERNARD PALMER'),
(480, 'ERS', 'ISHAK ERSEN'),
(481, 'FAD', 'ABD AL FADI'),
(482, 'KOO', 'LEROY KOOPMAN'),
(483, 'TIS', 'W.ST.CLAIR TISDALL'),
(484, 'SAV', 'R.M.SAVORY'),
(485, 'BOLD', 'B.J.BOLAND'),
(486, 'MOSH', 'G.J.O MOSHAY'),
(487, 'MOR', 'ROBERT MOREY'),
(488, 'MAG', 'MELBA P.MAGGAY'),
(489, 'DRET', 'JAMES P.DRETKE'),
(490, 'MCCU', 'DON M.MCCURRY'),
(491, 'ELD', 'DR.JHON ELDER'),
(492, 'GAR', 'DR.ALI MUHAMMAD GARISHAH'),
(493, 'WER', 'LYLE.L.VANDER WERFF'),
(494, 'MIL', 'WILLIAM MCELWEE MILLER'),
(495, 'FOR', 'GEORGE FORD'),
(496, 'ISH', 'MUHAMMAD IBN ISHAQ'),
(497, 'MORE', 'ROBERT MOREY'),
(498, 'KING', 'DEL KINGSRITER'),
(499, 'OTT', 'HENRY J.OTTEN'),
(500, 'STAC', 'VIVIENNE STACEY'),
(501, 'WOO', 'J.DUDLEW WOODBERRY'),
(502, 'SID', 'WALTER BONAR SIDJABAT'),
(503, 'REG', 'RAY G.REGISTER, JR'),
(504, 'MUK', 'KAMIL MUKAMIL'),
(505, 'MOO', 'JAMES S. MOON'),
(506, 'FRY', 'C.GEORGE FRY & JAMES R.KING'),
(507, 'NOOR', 'BAMBANG NOORSENA,SH'),
(508, 'BUD', 'JACK BUDD'),
(509, 'GEE', 'CLIFFORD GEERTZ'),
(510, 'PFA', 'C.G.PFANDER, D.D'),
(511, 'ARB', 'ARTHUR J.ARBERRY'),
(512, 'COO', 'ANNE COOPER'),
(513, 'SUB', 'BISHOP JOHN A. SUBHAN'),
(514, 'MUS', 'BILL A MUSK'),
(515, 'SHEN', 'BADRU D. KATEREGGA & DAVID W.SHENK'),
(516, 'WOODB', 'DUDLEY WOODBERRY'),
(517, 'PAR', 'PHIL PARSHALL'),
(518, 'CHRI', 'J. CHRISTY WILSON, JR'),
(519, 'SANT', 'LOEKITO SANTOSO'),
(520, 'WHE', 'BONNIE WHEELER'),
(521, 'OSB', 'CECIL G. OSBORNE'),
(522, 'FOY', 'MARJORY F FOYLE'),
(523, 'KOH', 'CAROLYN KOHLENBERGER'),
(524, 'CHAP', 'WILLIAM BACKUS & MARIE CHAPIAN'),
(525, 'MAH', 'FRANK D. HAMMOND'),
(526, 'ALLE', 'CHARLES L.ALLEN'),
(527, 'DONO', 'KATH DONOVAN'),
(528, 'BUH', 'RICH BUHLER'),
(529, 'ODON', 'KELLY O\'DONNELL'),
(530, 'LAH', 'TIM LAHAYE'),
(531, 'WATS', 'DAVID WATSON'),
(532, 'FORM', 'CHARLES W. FORMAN'),
(533, 'SWI', 'CHARLES R. SWINDOLL'),
(534, 'ANDRE', 'BROTHER ANDREW'),
(535, 'YAN', 'DR. PAUL BRAND & PHILIP YANCEY'),
(536, 'REN', 'LORI RENTZEL'),
(537, 'ROBER', 'MARY L. ROBERTSON & JOHN M.ROBERTSON'),
(538, 'FIS', 'DON L. FISHER'),
(539, 'WRI', 'NORMAN WRIGHT'),
(540, 'SCHN', 'DR.ERHARD H.W.SCHNEIDER'),
(541, 'KEN', 'KEN BLUE'),
(542, 'SEH', 'KEITH W.SEHNERT,M.D'),
(543, 'ADA', 'JAY E.ADAMS'),
(544, 'TRO', 'INGRID TROBISCH'),
(545, 'PIET', 'DANIEL SANTO PIETRO'),
(546, 'CHAPM', 'ELWOOD N. CHAPMAN'),
(547, 'HAT', 'PATTI HATHAWAY'),
(548, 'MAD', 'ROBERT B.MADDUX'),
(549, 'WEIS', 'DONALD H.WEISS'),
(551, 'DUD', 'MARY ALICE MCLEOD & CLIFF DUDLEY'),
(552, 'RYD', 'DENNY RYDBERG'),
(553, 'HAG', 'KENNETH E.HAGIN'),
(554, 'JEA', 'JEAN DARNALL'),
(555, 'MAC', 'WAYNE A.MACK'),
(556, 'NOT', 'WILLIAM L.NOTHSTINE'),
(557, 'JEN', 'DANIEL JENKINS'),
(558, 'CHR', 'EVELYN CHRITENSON'),
(559, 'LAND', 'JOYCE LANDORF'),
(560, 'MAST', 'PETER MASTERS'),
(561, 'CUN', 'LOREN CUNNINGHAM'),
(562, 'OGI', 'LLOYD JOHN OGILVIE'),
(563, 'EAR', 'EARL WILSON'),
(564, 'DOB', 'DR.JAMES DOBSON'),
(565, 'IBN', 'DRS.H. IBNU MAS\'UD'),
(566, 'ELWE', 'WALTER A. ELWELL'),
(567, 'BENN', 'DAVID G. BENNER'),
(568, 'KEYE', 'NELSON BEECHER KEYES'),
(569, 'GAYO', 'IWAN GAYO'),
(570, 'DAL', 'BILL DALTON'),
(571, 'KOM', 'DRS. KOMARUDDIN'),
(572, 'SIGAR', 'EDI SIGAR DKK'),
(573, 'ROB', 'ROBIN KEELY'),
(574, 'HEP', 'ANDREW H.HEPBURN'),
(575, 'WAGL', 'CHARLES WAGLEY'),
(576, 'KIMB', 'GEORGE KIMBLE'),
(577, 'KINGS', 'PATRICIA AND ROBERT C.KINGSBURY'),
(578, 'KAR', 'NICHOLAS P. KARALEKAS'),
(579, 'COU', 'ROBERT COUGHLAN'),
(580, 'JOHNS', 'WILLIAM WEBER JOHNSON'),
(581, 'KIT', 'J.HOWARD KITCHEN'),
(582, 'MAR', 'B.S MARDIATMADJA'),
(583, 'T.LE', 'ANDREW T. LE PEAU'),
(584, 'COP', 'DEREK COPLEY'),
(585, 'CHRIS', 'LARRY CHRISTENSON'),
(586, 'HOC', 'DAVID HOCKING'),
(587, 'HEND', 'OLAN HENDRIX'),
(588, 'WHI', 'JOHN WHITE'),
(589, 'MCCR', 'DAVID MCCRACKEN'),
(590, 'JONES', 'GORDON AND ROSEMARY JONES'),
(591, 'NORR', 'A.E NORRISH'),
(592, 'WILK', 'JOHN R.WILKINS'),
(593, 'ROE', 'LIANNE ROEMBKE'),
(594, 'ALE', 'L.G. ALEXANDER'),
(595, 'SKE', 'LUIGI GIOBBIO MALCOLM SKEY'),
(596, 'GOU', 'ELIZABETH GOUDGE'),
(597, 'JONE', 'PETER WATCYN - JONES'),
(598, 'NEL', 'THOMAS NELSON'),
(599, 'LAD', 'ROBERT LADO'),
(600, 'BERN', 'OLIVER BERNARD'),
(601, 'MACM', 'COLLIER MACMILLAN'),
(602, 'ALC', 'LOUISA M. ALCOTT'),
(603, 'WATC', 'PETER WATCYN - JONES'),
(604, 'SS', 'SCHOOL SUPPLY'),
(605, 'ELBS', 'THE ENGLISH LANGUAGE BOOK SOCIETY'),
(606, 'ALP', 'A LION PAPERBACK'),
(607, 'AVB', 'A VOYAGER BOOK'),
(608, 'MOA', 'METHUEN OF AUSTRALIA PTY'),
(609, 'KANI', 'KANISIUS'),
(610, 'MC', 'COWARD MCCANN'),
(611, 'AAK', 'ALFRED A.KNOPF'),
(612, 'WMC', 'WILLIAM MORROW & COMPANY'),
(613, 'LBC', 'LITTLE BROWN & COMPANY'),
(614, 'LONG', 'LONGMAN'),
(615, 'PD', 'PUSTAKA DIAN'),
(616, 'IND', 'PT INDRA'),
(617, 'MUL', 'MULTINOMAH'),
(618, 'LH', 'LOST HORIZON'),
(619, 'WWP', 'WORDLD WIDE PUBLICATIONS'),
(620, 'OM', 'PUBLISHING HOUSE'),
(621, 'UNV', 'UNVEILINGLORY INDONESIA'),
(622, 'DCI', 'DOUBLEDAY & COMPANY, INC'),
(623, 'MBI', 'THE MOODY BIBLE INSTITUTE OF CIKAGO'),
(624, 'CC', 'COMPACT CLASSICS'),
(625, 'DC', 'DOUBLEDAY COMPANY'),
(626, 'DOUB', 'DOU'),
(627, 'JOR', 'JORDAN'),
(628, 'SOL', 'CHARLES R. SOLOMON'),
(629, 'MOL', 'ELICK MOLL'),
(630, 'FIND', 'JOSEPH FINDER'),
(631, 'HEY', 'GEORGETTE HEYER'),
(632, 'CLA', 'EWAN CLARKSON'),
(633, 'PEC', 'RICHARD PECK'),
(634, 'KENY', 'MICHAEL KENYON'),
(635, 'HOD', 'ERIC HODGINS'),
(636, 'THOR', 'E.L.THORNDIKE'),
(637, 'BONK', 'JON BONK'),
(638, 'PETER', 'DR. GEORGE W. PETERS'),
(639, 'DEA', 'DR.H WILBERT NORTON'),
(640, 'SCO', 'WALDRON SCOTT'),
(641, 'REAP', 'JAMES W.REAPSOME'),
(642, 'FERN', 'AJITH FERNANDO'),
(643, 'MOREA', 'A.SCOTT MOREAU'),
(644, 'PARS', 'PHIL PARSHALL'),
(645, 'CORW', 'GARY CORWIN'),
(646, 'REAP', 'JIM REAPSOME'),
(647, 'GRAH', 'GIGI GRAHAM T'),
(648, 'SPE', 'JOHN SPEERS'),
(649, 'SCHI', 'GARY SCHIPPER'),
(650, 'HOW', 'DAVID HOWARD'),
(651, 'PLUE', 'JIM PLUEDDEMANN'),
(652, 'COOT', 'ROBERT T.COOTE'),
(653, 'WENN', 'DR.ROBERT WENNINGER'),
(654, 'TUC', 'RUTH TUCKER'),
(655, 'FRI', 'FRIZEN JR'),
(656, 'ARA', 'ALEX ARAUJO'),
(657, 'ETT', 'JANE ETTRIDGE'),
(658, 'GREEN', 'ROGER S.GREENWAY'),
(659, 'AUS', 'CLYDE AUSTIN'),
(660, 'ATK', 'ANDREW ATKINS'),
(661, 'ALLA', 'JOHN ALLAN'),
(662, 'SEA', 'J.PAUL SEALE, M.D'),
(663, 'NORRI', 'HOWARD NORRISH'),
(664, 'WAK', 'PIUS WAKATAMA'),
(665, 'BREW', 'MONROE BREWER'),
(666, 'YOU', 'RONALD YOUNGBLOOD'),
(667, 'NORM', 'W.S.FOWLER & NORMAN COE'),
(668, 'BREWS', 'E. THOMAS BREWSTER PH.D'),
(669, 'TOY', 'MASUMI TOYOTOME'),
(670, 'SMI', 'STAN SMITH'),
(671, 'QUA', 'CHESTER L QUARLES'),
(672, 'CHAMB', 'LINDA CHAMBERLAIN'),
(673, 'ROSE', 'HELEN ROSEVEARE'),
(674, 'RAY', 'JUDY RAYMO'),
(675, 'CHE', 'GUY CHEVREAU'),
(676, 'PALM', 'ELWIN PALMER'),
(677, 'MYER', 'GLENN MYERS'),
(678, 'ROW', 'MARY ROWE'),
(679, 'WALK', 'JEAN WALKER'),
(680, 'JACK', 'TIM JACKSON'),
(681, 'STU', 'C.T.STUDD'),
(682, 'BAL', 'STAN BALDWIN'),
(683, 'MARR', 'TEXE MARRS'),
(684, 'ASL', 'DAVID ALSOBROOK'),
(685, 'OR', 'WILLIAM W.ORR'),
(686, 'TAK', 'PONDSIUS TAKALIUNG'),
(687, 'SEI', 'ALEXSANDER SEIBEL'),
(688, 'KOC', 'DR.KURT E. KOCH'),
(689, 'LOG', 'KEVIN LOGAN'),
(690, 'STIL', 'WILLIAM STILL'),
(691, 'BUB', 'MARK I.BUBECK'),
(692, 'HAMM', 'FRANK D.HAMMOND'),
(693, 'WATSO', 'JANE WERNER WATSON'),
(694, 'LAHA', 'BEVERLY LAHAYE'),
(695, 'MILN', 'PETER  & GENEVIEVE MILNES'),
(696, 'HEAL', 'CYNTHIA HEALD'),
(697, 'DYC', 'ANNI DYCK'),
(698, 'HENRI', 'WALTER A. HENRICHSEN'),
(699, 'STEW', 'ED STEWART'),
(700, 'MCEL', 'PATRICK MCELLIGOTT'),
(701, 'PAT', 'PATRICK JOHNSTONE'),
(702, 'VOS', 'CATHERINE F.VOS'),
(703, 'BUF', 'JOHN BUFFAM'),
(704, 'BAE', 'JUDY BAER'),
(705, 'TOBI', 'IR.RONY BF TOBING'),
(706, 'WERN', 'DAVID WERNER'),
(707, 'ADE', 'ADELLE DAVIS'),
(708, 'END', 'MARIA HANIE ENDOJOWATININGSIH'),
(709, 'DIX', 'DR.PATRICK DIXON'),
(710, 'MCKE', 'DR.JAMES MCKEEVER'),
(711, 'RICHM', 'JULIUS B.RICHMOND,M.D'),
(712, 'HOFF', 'MARK S.HOFFMAN'),
(713, 'MOU', 'DR.ALISTAIR MOULDS'),
(714, 'HAN', 'HANK HANEGRAAFF'),
(715, 'BIN', 'SHEILA BINGHAM'),
(716, 'ARN', 'JOHN ARNOTT'),
(717, 'YVO', 'BOB & YVONNE TURNBULL'),
(718, 'TAIT', 'VIRGINIA G.TAIT'),
(719, 'NASU', 'NANCY NASUTION'),
(720, 'SOEJ', 'PROF DR ARIAWAN SOEJOENOES'),
(721, 'RAV', 'ANTHONY RAVIELLI'),
(722, 'BALL', 'LINDA BALL'),
(723, 'DAR', 'IYAN DARMAWN'),
(724, 'SIRA', 'IR.MEDIAN SIRAIT'),
(725, 'LES', 'MICHAEL LESSER'),
(726, 'MAGE', 'ROBERT F.MAGER'),
(727, 'TRI', 'TEDD TRIPP'),
(728, 'GIR', 'JOSEPH F .GIRZONE'),
(729, 'COLEM', 'RICHARD J.COLEMAN'),
(730, 'ZIG', 'ZIG ZIGLAR'),
(731, 'GAY', 'IWAN GAYU'),
(732, 'CORWI', 'CHARLES CORWIN'),
(733, 'BOND', 'CARLOS CASTILLO 7 OTTO F.BOND'),
(734, 'SHING', 'EDIE SHINGLER'),
(735, 'BARCL', 'WILLIAM BARCLAY'),
(736, 'MARG', 'MARGARET WISE BROWN'),
(737, 'SUSAN', 'SUSANTI'),
(738, 'RUN', 'RUNYON'),
(739, 'ENO', 'PROF.H.ENOCH,M.A,FZ.S'),
(740, 'SHENK', 'WILBERT R.SHENK'),
(741, 'TIP', 'ALAN R.TIPPETT'),
(742, 'PIC', 'J.WASKOM PICKETT'),
(743, 'HODG', 'MELVIN L.HODGES'),
(744, 'DZI', 'ALICK DZIABCZENKO'),
(745, 'FAI', 'SAMUEL D.FAIRCLOTH'),
(746, 'KRA', 'CHARLES H.KRAFT'),
(747, 'SOP', 'SULARSO SOPATER'),
(748, 'TRU', 'RON TRUDINGER'),
(749, 'RAVE', 'LEONARD RAVENHILL'),
(750, 'GETZ', 'GENE A.GETZ'),
(751, 'KEN', 'GRAHAM KENDRICK'),
(752, 'FORS', 'ROGER FORSTER'),
(753, 'HED', 'ROGER E.HEDLUND'),
(754, 'SOET', 'PENDETA P.G.SOETOPO,PH.D'),
(755, 'WOOL', 'ANDREW A.WOOLSEY'),
(756, 'BIG', 'K & J. BIGWOOD'),
(757, 'SOEP', 'IMAM SOEPOMO,S.H'),
(758, 'GUD', 'SARAH C.GUDSCHINSKY'),
(759, 'PEK', 'TARIGAN PEKAN'),
(760, 'ANC', 'KARIN ANCKARSVARD'),
(761, 'OCO', 'JANE O\'CONNOR'),
(762, 'CUNN', 'DAVID CUNNINGHAM'),
(763, 'SUK', 'DRS.AZIS SUKARDI,B.B.A'),
(764, 'VAT', 'MICHAEL R.J.VATIKIOTIS'),
(765, 'FUNK', 'WILFRED FUNK'),
(766, 'WILD', 'LAURA INGALLS WILDER'),
(767, 'RAM', 'TOETIE RAMELAN'),
(768, 'MAW', 'G.O.SYLVESTER MAWSON'),
(769, 'SUL', 'SATYAWATI SULEIMAN'),
(770, 'ITO', 'IJA ITOE'),
(771, 'ROBB', 'JOHN D.ROBB'),
(772, 'MELT', 'MELTARI'),
(773, 'ALM', 'A.M.ALMATSIER'),
(774, 'CAU', 'WILLIAM J.CAUNITZ'),
(775, 'BRAN', 'DR.PAUL BRAND'),
(776, 'KEIL', 'GARRISON KEILOR'),
(778, 'TAR', 'KANJENG MAS TARIGAN'),
(779, 'ROU', 'DORA ROUND'),
(780, 'KOE', 'SAMUEL KOENIG'),
(781, 'AGA', 'AGATHA CHRISTIE'),
(782, 'RIG', 'RALPH M.RIGGS'),
(783, 'SAR', 'J.P.SARUMPAET,M.A.'),
(784, 'SAS', 'M.SUPRIHADI SASTROPONO'),
(785, 'MUH', 'H.MUH.AMIN SOEKARNO BA'),
(786, 'SHA', 'HASSAN SHADILY'),
(787, 'ENDE', 'EDMUND ANDERSON'),
(788, 'HART', 'BAMBANG HARTONO'),
(789, 'MCAL', 'THOMAS H.MCALPINE'),
(790, 'GOR', 'MRS.J.G.GORTON'),
(791, 'STEE', 'PHILIP STEELE B.A'),
(792, 'WENH', 'JIANG WENHAN'),
(793, 'ALO', 'RUDY A.ALOUW MA'),
(794, 'FRAN', 'DANNIE OLDEN FRANS'),
(795, 'SIL', 'ZENIA SACKS DA SILVA'),
(796, 'FORE', 'G.S.FORESTER'),
(797, 'AAG', 'JOHANNES AAGAARD'),
(798, 'SOEM', 'SELO SOEMARDJAN'),
(799, 'HOF', 'GEERT HOFSTEDE'),
(800, 'WOLF', 'JOHN U.WOLF'),
(801, 'DEK', 'JOHN DEKKER'),
(802, 'TAYLO', 'DAVID BENTLEY-TAYLOR'),
(803, 'GOL', 'ELIZABETH GOLDSMITH'),
(804, 'ALF', 'ALFRED MARSHALL D.LITT'),
(805, 'BEL', 'BELINA NG'),
(806, 'GEU', 'DR.W.H.ALTING VAN GEUSAU'),
(807, 'YAM', 'YAMUGER'),
(808, 'YOUNG', 'ROBERT YOUNG,LL.D'),
(809, 'GUN', 'ANDHIKA GUNAWAN'),
(810, 'WILL', 'WILLIAM MORRIS'),
(812, 'SIMO', 'WILLIAM L.SIMON'),
(813, 'WILLI', 'WILLIAM HARRIS'),
(814, 'LIA', 'DAVID C.E.LIAO'),
(815, 'MARA', 'A.T. MARAMPA'),
(816, 'HEM', 'DR.ROBERT HEMFELT'),
(817, 'MEER', 'N.C.VAN SETTEN VAN DER MEER'),
(818, 'FORT', 'ELON FOSTER'),
(819, 'MCKA', 'ELAINE MCKAY'),
(820, 'FAR', 'BRUCE FARNBAN'),
(821, 'DET', 'ETMAR SCHEUNEMANN'),
(822, 'FISH', 'TREVOR FISHLOCK'),
(823, 'LOU', 'GORDON LOUX'),
(824, 'JOH', 'YOHANNI JOHNS'),
(825, 'KYLE', 'JOHN E.KYLE'),
(826, 'DOW', 'BART MCDOWELL'),
(827, 'LOP', 'CARLOS LOPES'),
(828, 'BOI', 'JAMES MONTGOMERY BOICE'),
(829, 'JAN', 'FRANK KALEB JANSEN'),
(830, 'MACE', 'GARY MACEOIN'),
(831, 'ADR', 'ADRIAN LIM'),
(832, 'JONHS', 'PATRIRICK JOHNSTONE'),
(833, 'JIL', 'JILL JOHNSTONE'),
(834, 'OSM', 'BETTY B.OSMAN'),
(835, 'GRAN', 'PHOEBE GRANOR'),
(836, 'CYC', 'HER OVARIAN CYCLE'),
(837, 'ROSS', 'AMY ROSS YOUNG'),
(838, 'HEA', 'HERILYN WILLETT HEAVILIN'),
(839, 'SPEE', 'JAMES A.SPEER'),
(840, 'HENDI', 'HOWARD G.HENDRICKS'),
(841, 'PAW', 'J.DAVID PAWSON'),
(842, 'BEAR', 'LOU BEARDSLEY & TONI SPRY'),
(843, 'MELL', 'T.W.MELLUISH'),
(844, 'MACK', 'WAYNE A.MACK'),
(845, 'TREN', 'JOHN TRENT'),
(846, 'ALDR', 'DORIS COFFIN ALDRICH'),
(847, 'PHI', 'MIKE PHILLIPS'),
(848, 'FEU', 'OSCAK E.FEUCHT'),
(849, 'MACDO', 'GORDON MACDONALD'),
(850, 'MACAD', 'MARY E.MACADAM'),
(851, 'HOWA', 'J.GRANT HOWARD'),
(852, 'MARST', 'PAUL MARSTON'),
(853, 'WILKR', 'DAVID WILKERSON'),
(854, 'HEN', 'HOWARD G.HENDRICKS'),
(855, 'DRAP', 'DR.JAMES T.DRAPER.JR'),
(856, 'TUG', 'JOY TIRNER TUGGY'),
(857, 'SCHA', 'EDITH SVHAEFFEF'),
(858, 'JEZ', 'JEZZRO'),
(859, 'YUN', 'YUNI'),
(860, 'GEA', 'GEAAA');

-- --------------------------------------------------------

--
-- Struktur dari tabel `databuku`
--

CREATE TABLE `databuku` (
  `ID` varchar(100) NOT NULL,
  `Title` varchar(510) DEFAULT NULL,
  `Author` varchar(200) DEFAULT NULL,
  `Publisher` varchar(510) NOT NULL,
  `Category` varchar(510) DEFAULT NULL,
  `Year` int(11) DEFAULT 0,
  `AllowingToLoan` varchar(20) DEFAULT NULL,
  `DaysToLoan` smallint(6) DEFAULT NULL,
  `Status` varchar(100) DEFAULT NULL,
  `Type` varchar(200) DEFAULT NULL,
  `Copy` varchar(6) DEFAULT NULL,
  `Condition` varchar(100) DEFAULT NULL,
  `TimeOfRenewal` smallint(6) DEFAULT 0,
  `Barcode` varchar(100) DEFAULT NULL
) ENGINE=InnoDB DEFAULT CHARSET=utf8;

--
-- Dumping data untuk tabel `databuku`
--

INSERT INTO `databuku` (`ID`, `Title`, `Author`, `Publisher`, `Category`, `Year`, `AllowingToLoan`, `DaysToLoan`, `Status`, `Type`, `Copy`, `Condition`, `TimeOfRenewal`, `Barcode`) VALUES
('12', 'TERE LIYE \"HUJAN\"', 'DARWIS', 'REPUBLIKA', 'FAMILLY', 2018, 'Y', 7, 'ADA', 'NOVEL', NULL, 'BAIK', 1, '-'),
('13', 'BUMI MANUSIA', 'PRAMOEDYA ANANTA T.', 'HASTA MITRA', 'HISTORY', 1980, 'Y', 7, 'ADA', 'NOVEL', NULL, 'BAIK', 1, '-'),
('2001MARBET', 'THE KINGDOM OF THE KING', 'WALTER R. MARTIN', 'BETHANY FELLOWSHIP, INC., PUBLISHERS', 'RELIGION', 1977, 'Y', 7, 'ADA', 'BUKU BAHASA INGGRIS', NULL, 'BAIK', 1, '-'),
('26621', 'JUDUL Vol.2', 'ADELLE DAVIS', 'AUSTRALIAN BROADCASTING COMMISSION', 'CULTURES', 2008, 'Y', 7, 'KELUAR', 'BI', '1', 'BAIK', 1, NULL),
('Publisher', 'CHILDREN IN CRISIS', 'PHYLLIS KILBOURN', 'MARC', 'RELIGION', 1995, 'Y', 4, 'ADA', 'BE', NULL, 'BAIK', 1, '-');

-- --------------------------------------------------------

--
-- Struktur dari tabel `datacategory`
--

CREATE TABLE `datacategory` (
  `CategoryID` varchar(100) NOT NULL,
  `Category` varchar(510) DEFAULT NULL
) ENGINE=InnoDB DEFAULT CHARSET=utf8;

--
-- Dumping data untuk tabel `datacategory`
--

INSERT INTO `datacategory` (`CategoryID`, `Category`) VALUES
('200', 'RELIGION'),
('200.1', 'PHILOSOPHY AND THEORY'),
('200.2', 'STANDARD SUBDIVISIONS'),
('200.7', 'EDUCATION, RESEARCH, RELATED TOPICS'),
('200.71', 'SCHOOLS AND COURSES (FOR RELIGION OF OBSERVANCES AND EXERCISES IN NONSECTARIANS SCHOOL)'),
('200.8', 'RELIGION WITH RESPECT TO KINDS OF PERSONS'),
('200.9', 'HISTORICAL, GEOGRAPHICAL, PERSONS TREATMENT OF RELIGION'),
('201', 'PHILOSOPHY AND THEORY OF CHRISTIANITY'),
('202', 'MISCELLANY OF CHRISTIANITY'),
('203', 'DICTIONARIES, ENCYCLOPEDIAS, CONCORDANCES OF CHRISTIANITY'),
('204', 'SPECIAL TOPICS'),
('204.5', 'CHRISTIAN MYTOLOGY'),
('205', 'SERIAL PUBLICATIONS OF CHRISTIANITY'),
('206', 'ORGANIZATION OF CHRISTIANITY'),
('207', 'EDUCATION, RESEARCH, RELATED TOPIC OF CHRISTIANITY'),
('207.101', 'SCHOL AND COURSES (IN AREAS REGIONS, PLACES IN GENERAL  THE ANCIENT WORLD)'),
('207.104', 'SCHOOL AND COURSES (IN SPECIFIC CONTINENTS, COUNTRIES, LOCALITIES IN THE MODERN WORLD)'),
('207.11', 'COLLEGES AND UNIVERSITIES'),
('207.12', 'SECULAR SECONDARY SCHOOLS'),
('207.15', 'AGENCIES FOR ADULT EDUCATION'),
('207.3', 'RESEARCH AND TOPICS RELATED TO RESEARCH AND EDUCATION'),
('208', 'CHRISTIANITY WITH RESPECT TO KINDS OF PERSONS'),
('209', 'HISTORICAL, GEOGRAPHICAL, PERSONS TREATMENT OF CHRISTIANITY AND CHRISTIAN THOUGHT'),
('210', 'NATURAL THEOLOGY'),
('211', 'CONCEPTS OF GOD'),
('211.2', 'PANTHEISM'),
('211.3', 'THEISM'),
('211.32', 'POLYTHEISM'),
('211.33', 'DUALISM'),
('211.34', 'MONOTHEISM'),
('211.4', 'RATIONALISM (FREE THOUGHT)'),
('211.5', 'DEISM'),
('211.6', 'HUMANISM AND SECULARISM'),
('211.7', 'AGNOTICISM AND SKEPTICISM'),
('211.8', 'ATHEISM'),
('212', 'EXISTENCE, KNOWABILITY, ATTRIBUTES OF GOD'),
('212.1', 'EXISTENCE'),
('212.6', 'KNOWABILITY'),
('212.7', 'ATTRIBUTES'),
('213', 'CREATION'),
('214', 'THEODICY'),
('214.8', 'PROVIDENCE'),
('215', 'SCIENCE AND RELIGION'),
('215.1', 'MATHEMATICS'),
('215.2', 'ASTRONOMY AND RELATED TOPIPCS'),
('215.24', 'LIFE ON OTHER WORLDS'),
('215.25', 'SPACE FLIGHT'),
('215.3', 'PHYSICS'),
('215.4', 'CHEMISTRY'),
('215.5', 'GEOLOGY'),
('215.6', 'PALEONTOLOGY'),
('215.7', 'LIFE SCIENCES'),
('215.72', 'ANTHROPOLOGY AND ETHNOLOGY'),
('215.74', 'BIOLOGY AND NATURAL HISTORY'),
('215.8', 'ARCHAEOLOGY'),
('215.9', 'TECHNOLOGY'),
('216', 'GOOD AND EVIL'),
('217', '[UNSSIGNED]'),
('218', 'HUMANKIND'),
('219', 'ANALOGY'),
('220', 'BIBLE'),
('220.1', 'GENERALITIES'),
('221', 'OLD TESTAMENT'),
('222', 'HISTORICAL BOOKS OF OLD TESTAMENT'),
('223', 'POETIC BOOKSOF OLD TESTAMENT'),
('224', 'PROPHETIC BOOKS OF OLD TESTAMENT'),
('225', 'NEW TESTAMENT'),
('226', 'GOSPELS AND ACTS'),
('227', 'EPSITLES'),
('228', 'REVELATION (APOCALYPSE)'),
('229', 'APOCRYPHA, PSEUDEPIGRAPHA, INTERTESTAMENTAL WORKS'),
('266', 'CULTURES'),
('TED', 'SDFSDF');

-- --------------------------------------------------------

--
-- Struktur dari tabel `datadendalama`
--

CREATE TABLE `datadendalama` (
  `Days` int(11) NOT NULL,
  `Fine` int(11) NOT NULL
) ENGINE=InnoDB DEFAULT CHARSET=utf8;

--
-- Dumping data untuk tabel `datadendalama`
--

INSERT INTO `datadendalama` (`Days`, `Fine`) VALUES
(4, 500),
(7, 1000);

-- --------------------------------------------------------

--
-- Struktur dari tabel `datakondisi`
--

CREATE TABLE `datakondisi` (
  `Condition` varchar(100) NOT NULL
) ENGINE=InnoDB DEFAULT CHARSET=utf8;

--
-- Dumping data untuk tabel `datakondisi`
--

INSERT INTO `datakondisi` (`Condition`) VALUES
('BAIK'),
('RUSAK');

-- --------------------------------------------------------

--
-- Struktur dari tabel `datalogin`
--

CREATE TABLE `datalogin` (
  `Time` date DEFAULT NULL,
  `Date` date DEFAULT NULL,
  `UserID` varchar(100) DEFAULT NULL,
  `TimeOut` date DEFAULT NULL,
  `Duration` date DEFAULT NULL
) ENGINE=InnoDB DEFAULT CHARSET=utf8;

--
-- Dumping data untuk tabel `datalogin`
--

INSERT INTO `datalogin` (`Time`, `Date`, `UserID`, `TimeOut`, `Duration`) VALUES
('0000-00-00', '2009-09-25', 'WEC', '0000-00-00', '2000-03-20'),
('0000-00-00', '2009-09-29', 'SWI', '0000-00-00', '0000-00-00'),
('0000-00-00', '2009-09-30', 'SWI', '0000-00-00', '2002-06-09'),
('0000-00-00', '2009-09-30', 'SWI', '0000-00-00', '0000-00-00'),
('0000-00-00', '2009-10-01', 'SWI', '0000-00-00', '0000-00-00'),
('0000-00-00', '2009-10-01', 'SWI', '0000-00-00', '0000-00-00'),
('0000-00-00', '2009-10-01', 'SWI', '0000-00-00', '0000-00-00'),
('0000-00-00', '2009-10-07', 'SWI', '0000-00-00', '0000-00-00'),
('2009-04-23', '2009-10-08', 'SWI', '0000-00-00', '0000-00-00'),
('0000-00-00', '2009-10-12', 'SWI', '0000-00-00', '0000-00-00'),
('0000-00-00', '2009-10-12', 'SWI', '0000-00-00', '0000-00-00'),
('0000-00-00', '2009-10-12', 'SWI', '0000-00-00', '2000-09-07'),
('0000-00-00', '2009-10-12', 'SWI', '0000-00-00', '2000-02-01'),
('0000-00-00', '2009-10-12', 'SWI', '0000-00-00', '2000-12-11'),
('0000-00-00', '2009-10-12', '1', '0000-00-00', '2000-05-02'),
('0000-00-00', '2009-10-12', '1', '0000-00-00', '0000-00-00'),
('0000-00-00', '2009-10-12', '1', '0000-00-00', '0000-00-00'),
('0000-00-00', '2010-03-27', '1', '0000-00-00', '2000-02-09'),
('0000-00-00', '2010-04-13', '1', '0000-00-00', '0000-00-00'),
('0000-00-00', '2010-06-09', '1', '0000-00-00', '0000-00-00'),
('0000-00-00', '2013-02-14', 'KUH', '0000-00-00', '0000-00-00'),
('0000-00-00', '2013-02-14', 'KUH', '0000-00-00', '0000-00-00');

-- --------------------------------------------------------

--
-- Struktur dari tabel `datamember`
--

CREATE TABLE `datamember` (
  `MemberID` varchar(10) NOT NULL,
  `Name` varchar(100) DEFAULT NULL,
  `Address` varchar(200) DEFAULT NULL,
  `Phone` varchar(100) DEFAULT NULL,
  `HP` varchar(100) DEFAULT NULL,
  `Date` date DEFAULT NULL,
  `MaxLoan` int(11) DEFAULT 0
) ENGINE=InnoDB DEFAULT CHARSET=utf8;

--
-- Dumping data untuk tabel `datamember`
--

INSERT INTO `datamember` (`MemberID`, `Name`, `Address`, `Phone`, `HP`, `Date`, `MaxLoan`) VALUES
('M1', 'INGATY', 'JL.JATISARI  57', '031.333.333.000', '081332069108', '2009-08-13', 6),
('M2', 'RIBKA', 'JL.JATISARI 57 PEPELEGI\r\nWARU-SIDOARJO-JATIM', '0318531343', '081331874307', '2009-08-28', 3),
('M3', 'PITER DIMA', 'JL. JATISARI 57 PEPELEGI WARU SIDOARJO - JATIM', '03177088250', '081230992245', '2009-08-28', 3);

-- --------------------------------------------------------

--
-- Struktur dari tabel `datapengembalian`
--

CREATE TABLE `datapengembalian` (
  `Time` date DEFAULT NULL,
  `DateOfReturn` date DEFAULT NULL,
  `MemberID` varchar(100) DEFAULT NULL,
  `BookID` varchar(100) DEFAULT NULL,
  `UserID` varchar(100) DEFAULT NULL,
  `Fine` int(11) DEFAULT 0
) ENGINE=InnoDB DEFAULT CHARSET=utf8;

--
-- Dumping data untuk tabel `datapengembalian`
--

INSERT INTO `datapengembalian` (`Time`, `DateOfReturn`, `MemberID`, `BookID`, `UserID`, `Fine`) VALUES
('0000-00-00', '2009-08-28', 'M1', '200.1 MAR.BET', '1', 0),
('2013-03-10', '2009-08-28', 'M2', '200.1 MAR.BET', 'WEC', 0),
('0000-00-00', '2009-08-28', 'M2', '200. KIL.MAR', 'SWI', 0),
('0000-00-00', '2009-08-28', 'M3', '200. KIL.MAR', 'SWI', 0),
('0000-00-00', '2009-08-28', 'M3', '200. KIL.MAR', 'SWI', 0),
('0000-00-00', '2009-08-28', 'M1', '200.1 MAR.BET', 'SWI', 0),
('2014-03-24', '2009-08-28', 'M1', '200.1 MAR.BET', 'SWI', 0),
('0000-00-00', '2010-07-21', 'M1', '200. KIL.MAR', '1', 0),
('2020-01-24', '2013-02-13', 'M1', '266.2 1', '1', 0),
('0000-00-00', '2013-02-14', 'M1', '266.2 1', '1', 0);

-- --------------------------------------------------------

--
-- Struktur dari tabel `datapinjam`
--

CREATE TABLE `datapinjam` (
  `Time` date DEFAULT NULL,
  `DateOfLoan` date DEFAULT NULL,
  `MemberID` varchar(100) DEFAULT NULL,
  `BookID` varchar(100) DEFAULT NULL,
  `UserID` varchar(100) DEFAULT NULL,
  `Days` int(11) DEFAULT 0,
  `DueDate` date DEFAULT NULL,
  `Fine` int(11) DEFAULT 0,
  `Renewal` int(11) DEFAULT 0,
  `Status` smallint(6) DEFAULT 0
) ENGINE=InnoDB DEFAULT CHARSET=utf8;

--
-- Dumping data untuk tabel `datapinjam`
--

INSERT INTO `datapinjam` (`Time`, `DateOfLoan`, `MemberID`, `BookID`, `UserID`, `Days`, `DueDate`, `Fine`, `Renewal`, `Status`) VALUES
('0000-00-00', '2009-08-28', 'M1', '200.1 MAR.BET', '1', 7, '2009-09-04', 0, 0, 0),
('0000-00-00', '2009-08-28', 'M2', '200.1 MAR.BET', 'WEC', 7, '2009-09-04', 0, 0, 0),
('0000-00-00', '2009-08-28', 'M2', '200. KIL.MAR', 'SWI', 4, '2009-09-01', 0, 0, 0),
('0000-00-00', '2009-08-28', 'M1', '200.1 MAR.BET', 'SWI', 7, '2009-09-04', 0, 0, 0),
('0000-00-00', '2009-08-28', 'M3', '200. KIL.MAR', 'SWI', 4, '2009-09-05', 0, 1, 0),
('0000-00-00', '2009-08-28', 'M3', '200. KIL.MAR', 'SWI', 4, '2009-09-01', 0, 0, 0),
('2014-01-03', '2009-08-28', 'M1', '200.1 MAR.BET', 'SWI', 7, '2009-09-04', 0, 0, 0),
('0000-00-00', '2010-07-21', 'M1', '200. KIL.MAR', '1', 4, '2010-07-25', 0, 0, 0),
('0000-00-00', '2013-02-13', 'M1', '266.2 1', '1', 7, '2013-02-20', 0, 0, 0),
('2010-11-10', '2013-02-14', 'M1', '266.2 1', '1', 7, '2013-02-21', 0, 0, 0),
('0000-00-00', '2013-02-14', 'M1', '266.2 1', '1', 7, '2013-02-21', 0, 0, 1),
('0000-00-00', '2013-02-14', 'M1', '266.2 1', '1', 7, '2013-02-21', 0, 0, 1);

-- --------------------------------------------------------

--
-- Struktur dari tabel `datapublisher`
--

CREATE TABLE `datapublisher` (
  `NO` int(11) NOT NULL,
  `PublisherID` varchar(100) NOT NULL,
  `Publisher` varchar(100) DEFAULT NULL
) ENGINE=InnoDB DEFAULT CHARSET=utf8;

--
-- Dumping data untuk tabel `datapublisher`
--

INSERT INTO `datapublisher` (`NO`, `PublisherID`, `Publisher`) VALUES
(1, 'WEC', 'WEC LITERATUR'),
(2, 'BRO', 'HARPER & BROTHERS'),
(15, 'BET', 'BETHANY FELLOWSHIP, INC., PUBLISHERS'),
(16, 'MAR', 'MARC'),
(17, 'OME', 'OMEGA PUBLISHER'),
(18, 'CLA', 'T.&T. CLARK'),
(19, 'REV', 'REVIVAL LITERATUR'),
(20, 'WIL', 'WILLIAM CAREY LIBRARY'),
(21, 'HOU', 'ZONDERVAN PUBLISHING HOUSE'),
(22, 'YPK', 'YPK PEMBAWA OBOR INDONESIA'),
(23, 'WOR', 'WORD PUBLISHING'),
(24, 'RIC', 'LAWRENCE O. RICHARDS'),
(25, 'MOV', 'BIBLE CLUB MOVEMENT'),
(26, 'TRI', 'TRIANGLE'),
(28, 'T-H-E', 'T-H-E BONDAGE BREAKER'),
(29, 'BEA', 'BEACON HILL PRESS OF KANSAS CITY'),
(30, 'SOV', 'SOVEREIGN WORLD'),
(31, 'BAK', 'BAKER BOOK HOUSE'),
(32, 'CHR', 'CHRISTIAN PUBLICATIONS,INC.'),
(33, 'YAY', 'YAYASAN KALAM HIDUP'),
(34, 'HAR', 'HARPER & ROW'),
(35, 'COM', 'COMMEND BOOKS'),
(36, 'TIM', 'TIMEDIA SERVICE'),
(37, 'MOO', 'MOODY PRESS CHICAGO'),
(39, 'OMF', 'YAYASAN KOMUNIKASI BINA KASIH/OMF'),
(40, 'LOG', 'LOGOS INTERNATIONAL'),
(41, 'AND', 'YAYASAN ANDI'),
(42, 'HER', 'HERLAND PRESS'),
(43, 'BAC', 'BACK TO THE BIBLE'),
(44, 'JOU', 'JUORNEY BOOKS'),
(45, 'PRA', 'PRAIRIE PRESS'),
(46, 'HOU', 'HARRISON HOUSE'),
(47, 'MIS', 'MISSION INTERNATIONAL'),
(48, 'COL', 'HARPER COLLINS'),
(49, 'ESS', 'ESSENCE PUBLISHING'),
(50, 'REG', 'REGAL BOOKS'),
(51, 'PRE', 'MIMERY PRESS'),
(52, 'TYN', 'TYNDALE HOUSE PUBLISHERS, INC'),
(53, 'KIN', 'KINGSWAY PUBLICATIONS'),
(54, 'MUL', 'MULTNOMAH PRESS'),
(55, 'VIC', 'VICTORY PRESS'),
(56, 'CIT', 'CITRA PUSTAKA'),
(57, 'NEW', 'NEW DAWN BOOKS'),
(58, 'PYR', 'PYRANEE BOOKS'),
(59, 'BRI', 'BRIDGE  PUBLISHING'),
(60, 'SUR', 'SURE FOUNDATION'),
(61, 'HBJ', 'A HARVEST/HBJ BOOK'),
(62, 'PRO', 'PROMISE PUBLISHING'),
(63, 'STO', 'HODDER & STOUGHTON'),
(64, 'MEN', 'YAYASAN OBOR MENYELURUH'),
(66, 'BOO', 'OM BOOKS'),
(67, 'STL', 'STL BOOKS'),
(68, 'DIM', 'DIMENSION BOOKS'),
(69, 'OSW', 'OSWALD CHAMBERS'),
(70, 'ACC', 'ACCENT BOOKS'),
(71, 'SCH', 'BETHANY SCHOOL OF MISSIONS'),
(72, 'HIG', 'HIGH HOUSE'),
(73, 'VOI', 'BIBLE VOICE'),
(74, 'SPI', 'SPIRE BOOKS'),
(75, 'PEN', 'PENGUIN BOOKS'),
(76, 'STR', 'STRISS'),
(77, 'KAL', 'KALAM KUDUS'),
(78, 'PPII', 'YAYASAN PERSEKUTUAN PEKABARAN INJIL INDONESIA'),
(79, 'SWI', 'SWITZERLAND'),
(80, 'MAS', 'MASTERS COMMUNICATION'),
(81, 'CLC', 'CHRISTIAN LITERATURE CRUSADE'),
(82, 'BPK', 'BPK GUNUNG MULIA'),
(83, 'MIS', 'VOICE OF MISSIONS'),
(84, 'KA', 'YAYASAN KALAM HIDUP'),
(85, 'LAK', 'LAKELAND'),
(86, 'COLL', 'COLLINS'),
(87, 'WID', 'WORLD WIDE'),
(88, 'HARR', 'HARRISON HOUSE'),
(89, 'YAK', 'YAKIN'),
(90, 'NEL', 'NELSON WORD LTD'),
(91, 'WHI', 'WHITAKER HOUSE'),
(92, 'INT', 'INTER VARSITY FELLOWSHIP'),
(93, 'MARS', 'MARSHAL'),
(94, 'OVE', 'OVERSEAS MISSIONARY FELLOWSHIP'),
(95, 'IVP', 'INTER-VARSITY PRESS'),
(96, 'GOO', 'GOOD NEWS'),
(97, 'FAP', 'FRANCIS ASBURY PRESS'),
(98, 'POC', 'POCKET BOOKS'),
(99, 'TID', 'TIDINGS'),
(100, 'BAP', 'LEMBAGA LITERATUR BAPTIS'),
(101, 'FOC', 'CHRISTIAN FOCUS'),
(102, 'NAL', 'NEW AMERICAN LIBRARY'),
(103, 'VINT', 'A VINTAGE BOOK'),
(104, 'SCR', 'SCRIPTURE UNION'),
(105, 'SHAW', 'HAROLD SHAW PUBLISHERS'),
(106, 'HEB', 'HEINEMANN EDUCATIONAL BOOKS'),
(107, 'LEA', 'NEW LEAF PRESS'),
(108, 'FVB', 'FEST VOL BOOKS'),
(109, 'IMM', 'YAYASAN PEKABARAN INJIL IMMANUEL'),
(110, 'BHP', 'BETHANY HOUSE PUBLISHERS'),
(111, 'PIC', 'PICKERING PAPERBACKS'),
(112, 'ENG', 'ENGELTAL PRESS'),
(113, 'CHO', 'CHOSEN BOOKS'),
(114, 'RMEP', 'RELEGIOUS AND MORAL EDUCATION PRESS'),
(115, 'CMI', 'CROWN MINISTRIES INTERNATIONAL'),
(116, 'REP', 'THE RELIGIOUS EDUCATION PRESS'),
(117, 'REVE', 'FLEMING H.REVELL COMPANY'),
(118, 'SBS', 'SCHOLASTIC BOOK SERVICES'),
(119, 'GAN', 'PENERBIT GANDUM MAS'),
(120, 'CFP', 'CHRISTIAN FELLOWSHIP PUBLISHERS,INC'),
(121, 'CIM', 'CHINA INLAND MISSION'),
(122, 'PPC', 'PROMISE PUBLISHING COMPANY'),
(123, 'MOR', 'WILLIAM MORROW & COMPANY'),
(124, 'MET', 'METANOIA PUBLISHING'),
(125, 'YDF', 'YAYASAN DAUN FAMILY'),
(126, 'BKR', 'BAKER BOOK HOUSE'),
(127, 'SCM', 'SCM PRESS LTD'),
(128, 'SJB', 'S.JHON BACON'),
(129, 'ASS', 'EVANGELISTIC ASSOCIATION'),
(130, 'BAN', 'THE BANNER OF TRUTH TRUST'),
(131, 'RTS', 'RELEGIOUS TRACT SOCIETY'),
(132, 'LIO', 'LION PUBLISHING'),
(133, 'QUE', 'QUESTAR'),
(134, 'EUR', 'AMERICAN EUROPEAN BETHEL MISSION'),
(135, 'MMS', 'MARSHAL,MORGAN & SCOTT LTD.LONDON'),
(136, 'LOI', 'LOIZEAUX BROTHERS'),
(137, 'DID', 'DIDASKO PRESS'),
(138, 'LUT', 'LUTTER WORTH PRESS'),
(139, 'IVF', 'INTER VARSITY FELLOWSHIP'),
(140, 'EER', 'WM.B.EERDMANS PUBLISHING C'),
(141, 'EBS', 'EMMAUS BIBLE SCHOL'),
(143, 'NAV', 'NAVPRESS'),
(144, 'VICT', 'VICTOR BOOKS'),
(145, 'WCL', 'WILLIAM CAREY LIBRARY'),
(146, 'NUM', 'THE BOOK OF NUMBERS'),
(147, 'HHP', 'HARVEST HOUSE PUBLISHERS'),
(148, 'MAN', 'BROADMAN PRESS'),
(149, 'CBP', 'CICERO BIBLE PRESS'),
(150, 'TPP', 'THE PEOPLES PRESS'),
(153, 'ZON', 'ZONDERVAN PUBLISHING HOUSE'),
(154, 'ICE', 'INTERNATIONAL CENTER OF EVANGELISM'),
(155, 'HOL', 'HOLBROOK PRESS'),
(156, 'SHA', 'HAROLD SHAW PUBLISHERS'),
(157, 'ORB', 'ORBIS BOOKS'),
(158, 'I-3', 'INSTITUT INJIL INDONESIA'),
(159, 'LIP', 'J.B LIPPINCOTT COMPANY'),
(160, 'HODD', 'HODDER AND STOUGHTON'),
(161, 'CAP', 'CANON PRESS'),
(162, 'ATA', 'ASIA THEOLOGICAL ASSOCIANTION'),
(163, 'WBL', 'WILLIAM BAREY LIBRARY'),
(164, 'CHSW', 'CALL OF HOPE-STUTTGART-WEST-GERMANY'),
(165, 'MAC', 'MACMILLAN PUBLISHING CO, INC'),
(166, 'YPPI', 'YAYASAN PERSEKUTUAN PEKABARAN INJIL'),
(167, 'YYS', 'YAYASAN'),
(168, 'YPPII', 'YAYASAN'),
(169, 'SCRI', 'SCRIBNERS'),
(170, 'TWP', 'THE WESTMINSTER PRESS'),
(171, 'WW', 'WORLD WIDE'),
(172, 'GUI', 'GUIDEPOSTS'),
(173, 'MAST', 'THE MASTER FELLOWSHIP'),
(174, 'GGP', 'GLOBAL GOSPEL PUBLISHERS'),
(175, 'CAL', 'CALEB PROJECT'),
(176, 'BGC', 'A.BGC MONOGRAPH'),
(177, 'METH', 'THE METHODIST BOOK ROOM'),
(178, 'CRE', 'CREATION HOUSE'),
(179, 'AMC', 'AMC \'90,EXECUTIVE CHAIRMAN'),
(180, 'IP', 'IMPACT PRESS'),
(181, 'FAL', 'FALCON'),
(182, 'ELO', 'EVANGELICAL LITERATURE'),
(183, 'FWE', 'FORUM FOR WORLD EVANGELIZATION'),
(184, 'MARG', 'MARGAYA'),
(185, 'TGW', 'THE GOOD WAY'),
(186, 'MCS', 'MOODY CORRESPONDENCE SCHOOL'),
(187, 'DW', 'DON WARDELL'),
(188, 'PRP', 'PRESBYTERIAN AND REFORMED PUBLISHING'),
(189, 'PAU', 'PAULIST PRESS'),
(190, 'LRI', 'LEMBAGA REFORMED INJILI INDINESIA'),
(191, 'EPH', 'EVANGEL PUBLISHING HOUSE'),
(192, 'GPH', 'GOSPEL PUBLISHING HOUSE'),
(193, 'NTM', 'NEW TRIBES MISSION'),
(195, 'FCM', 'FREEDOM IN CHRIST MINISTRIES'),
(196, 'ALR', 'JALAN ALRAHMAT'),
(197, 'MSP', 'MORNING STAR P'),
(198, 'EURO', 'MARC EUROPE'),
(199, 'ABS', 'AMERICAN BIBLE SOCIENTY'),
(200, 'KRE', 'KREGEL PUBLICATIONS'),
(201, 'NWW', 'NINE WORLDS TO WIN'),
(202, 'PECH', 'PERSONAL CHRISTIANITY'),
(203, 'EEP', 'WM.B.EERDMANS PUBLISHING'),
(205, 'GMI', 'GLOBAL MAPPING INTERNATIONAL'),
(206, 'PAR', 'YAYASAN PARAKLETOS INDONESIA'),
(207, 'PII', 'PERSEKUTUAN INJILI INDONESIA'),
(208, 'STA', 'STANDARD PUBLISHING'),
(209, 'MAR&', 'MISSION ADVANCED RESEARCH & CC'),
(210, 'ACA', 'ACADEMIE BOOKS'),
(211, 'SCMP', 'STUDENT CHRISTIAN MOVEMENT'),
(212, 'YAB', 'YABINA'),
(213, 'FIG', 'THE FRIENDS OF ISRAEL GOSPEL M'),
(214, 'EKK', 'EKKLESIA'),
(215, 'OXF', 'OXFORD UNIVERSITY PRESS'),
(216, 'IBYC', 'INSTITUTE IN BASIC YOUTH CONFLICTS'),
(217, 'LLB', 'LEMBAGA LITERATUR BAPTIS'),
(218, 'PPR', 'PROMISE PUBLISHING'),
(219, 'SBT', 'SOUTHERN BIBLE TESTIMONY'),
(220, 'BTT', 'THE BANNER OF TRUTH TRUST'),
(221, 'PAT', 'THE PATERNOSTER PRESS'),
(222, 'ABI', 'ABINGDON PRESS'),
(223, 'SEA', 'SEABURY'),
(224, 'IMA', 'IMAGE BOOKS'),
(225, 'WTM', 'WESTERN TRACT MISSION'),
(226, 'MOTT', 'MOTT MEDIA'),
(227, 'MOM', 'MOMENTUM'),
(228, 'TMC', 'THE MACMILLAN COMPANY'),
(229, 'SAAT', 'SEMINARI ALKITAB ASIA TENGGARA'),
(230, 'CLF', 'CHRISTIAN LITERATURE FOUNDATION'),
(231, 'TWT', 'THE WHOLE TRUTH'),
(232, 'LAI', 'LEMBAGA ALKITAB INDONESIA'),
(233, 'INTE', 'INTERCULTURAL PRESS'),
(234, 'KIR', 'KIRBAN'),
(235, 'TRU', 'PDT.DR.PAUL G.TRULIN'),
(236, 'SCRIP', 'SCRIPTURE PRESS'),
(237, 'POTW', 'PEOPLE OF THE WORD'),
(238, 'LOL', 'LIGHT OF LIFE'),
(239, 'COH', 'CALL OF HOPE'),
(240, 'HOR', 'HORIZON HOUSE PUBLISHERS'),
(241, 'CUP', 'CAMBRIDGE UNIVERSITY PRESS'),
(242, 'THM', 'THE HAGUE MARTINUS NIJHOFF'),
(243, 'OVER', 'OVERSEAS MINISTRY'),
(244, 'ATS', 'AMERICAN TRACT SOCIETY'),
(245, 'CNA', 'CRESENT NEWS AGENCIES'),
(246, 'BAS', 'BASEL'),
(248, 'MIK', 'MASEHI ISHA AT KHANA'),
(249, 'CHS', 'CALL OF HOPE STUTTGART WEST-GERMANY'),
(250, 'JAR', 'JALAN AL-RACHMAT'),
(252, 'OMI', 'OVERSEAS MINISTRY'),
(253, 'CMM', 'CMM'),
(254, 'HMI', 'HENRY MARTYN INSTITUDE'),
(255, 'MARC', 'MARC'),
(256, 'BPKD', 'BADAN PENERBIT KRISTEN - DJAKARTA'),
(257, 'CSI', 'CENTRE FOR THE STUDY OF ISLAM AND CHRISTIAN'),
(258, 'RSM', 'RED SEA MISSION TEAM'),
(259, 'FPP', 'THE FREE PRESS,NEW YORK'),
(260, 'LPH', 'THE LUCKNOW PUBLISHING HOUSE'),
(261, 'PBK', 'PBK SINAR KASIH'),
(263, 'PSH', 'PUSTAKA SINAR HARAPAN'),
(265, 'CBM', 'THE CHILDREN\'S BREAD MINISTRY'),
(266, 'GRA', 'GRASON'),
(267, 'AQU', 'AQUILA PRESS'),
(268, 'TNP', 'THOMAS NELSON PUBLISHERS'),
(269, 'BCO', 'BIBLE CILLEGE OF VICTORIA'),
(270, 'POW', 'POWER BOOKS'),
(271, 'GAN', 'PENERBIT GANDUM MAS'),
(272, 'COP', 'CELEBRATION OF PRAISE'),
(273, 'PICK', 'PICKERING & INGLIS LTD'),
(274, 'AUG', 'AUGSBURG'),
(275, 'TRO', 'EDITIONS TROBISCH'),
(276, 'ANZ', 'ANZEA'),
(277, 'ACV', 'AMERICAN COUNCIL OF VOLUNTARY AGENCIES'),
(278, 'BIN', 'BINARUPA AKSARA'),
(279, 'NLP', 'NEW LEAF PRESS'),
(280, 'EMI', 'EVANGELICAL MISSION INFORMATION SERVICE'),
(281, 'ELS', 'EVANGELICAL LITERATURE SERVICE'),
(282, 'VHP', 'VISION HOUSE PUBLISHERS'),
(283, 'ANE', 'CV ANEKA SOLO'),
(284, 'RDA', 'THE READER\'S DIGEST ASSOCIATION'),
(285, 'IGA', 'IWAN GAYO ASSOCIATES'),
(286, 'WDM', 'WORLDWIDE DISTRIBUTORS OF MOON PUBLICATIONS\'BOOKS'),
(287, 'ANG', 'ANGKASA BANDUNG'),
(288, 'AMA', 'PT. AKSARA MEDIA AGUNG'),
(289, 'GRO', 'GROLIER'),
(290, 'SIL', 'SIL'),
(291, 'HMC', 'HOUGHTON MIFFLIN COMPANY'),
(292, 'UPW', 'UPAYA WARGA NEGARA'),
(293, 'UWN', 'UPAYA WARGA NEGARA'),
(294, 'PACI', 'PARENT AND CHILD INSTITUDE'),
(295, 'ATW', 'AROUND THE WORLD PROGRAM'),
(296, 'ND', 'NELSON DOUBLEDAY'),
(297, 'TIN', 'TIME INCORPORATED NEW YORK'),
(298, 'KAN', 'KANISIUS'),
(299, 'IARR', 'INTERDEV ALL RIGHTS RESERVED'),
(300, 'WORD', 'WORD BOOKS'),
(301, 'VKW', 'VERLAG FUR KULTUR UND WISSENSCHAFT'),
(302, 'SEI', 'SOCIETA EDITRICE INTERNAZIONALE'),
(303, 'GEL', 'GELATIK'),
(304, 'BA', 'BINARUPA AKSARA'),
(305, 'IND', 'PT. INDIRA PUBLICATION'),
(306, 'MACM', 'COLLIER MACMILLAN PUBLISHERS'),
(307, 'PUF', 'PUFFIN BOOKS'),
(308, 'JONE', 'PETER WATCYN - JONES'),
(309, 'MC', 'A.N.MCCALLUM'),
(310, 'DUN', 'J.DUNHILL'),
(311, 'LAN', 'CLIVE LANGMEAD'),
(312, 'NOR', 'MARY NORTON'),
(313, 'WRI', 'WALTER D.WRIGHT'),
(314, 'BINH', 'PHILIP BINHAM'),
(315, 'ED', 'DOROTHY EDEN'),
(316, 'HOO', 'HELEN HOOVER'),
(317, 'FAS', 'HOWARD FAST'),
(318, 'WILS', 'DOROTHY CLARKE WILSON'),
(319, 'ALL', 'W.STANDARD ALLEN'),
(320, 'MA', 'DJAMAWIR MA'),
(321, 'LAD', 'ROBERT LADO'),
(322, 'ALE', 'L.G. ALEXANDER'),
(323, 'JOHN', 'PATRICK JOHNSTONE'),
(324, 'SWIN', 'CHARLES R. SWINDOLL'),
(325, 'HUG', 'VIKTOR HUGO'),
(326, 'GRAH', 'GIGI GRAHAM TCHIVIDJIAN'),
(327, 'PIR', 'NEAL PIROLO'),
(328, 'GER', 'BOB SJOGREN & GERALD ROBISON'),
(329, 'CRO', 'AMERICAN RED CROSS'),
(330, 'MCA', 'DR. JACK MCALISTER'),
(331, 'GOOD', 'EDWARD W GOODRICK & JOHN R. KOHLENBERGER III'),
(332, 'THE', 'THEODORE WILLIAMS'),
(333, 'PFE', 'CHARLES F. PFEIFFER'),
(334, 'AME', 'THE GREAT AMERICAN'),
(335, 'THO', 'A.J.THOMSON'),
(336, 'HAI', 'ARTHUR HAILEY'),
(337, 'YWAM', 'YWAM PUBLISHING'),
(338, 'PAN', 'UNABRIDGED'),
(339, 'VIK', 'VIKING PRESS'),
(340, 'SFC', 'SCOTT FORESMAN COMPANY'),
(341, 'WIN', 'WINNIPEG'),
(342, 'SCI', 'MOODY INSTITUDE SCIENCE'),
(343, 'WGS', 'SCHOLARLY BIBLICAL INTERDENOMINATIONAL'),
(344, 'ALM', 'AMERICAN LEPROSY MISSIONS'),
(345, 'WC', 'WHEATON COLLEGE'),
(346, 'EPA', 'EVANGELICAL PRESS ASSOCIATION'),
(347, 'BGC', 'BILLY GRAHAM CENTER'),
(348, 'MP', 'MOODY  PRESS'),
(349, 'PROV', 'PROVIDENCE'),
(350, 'CIU', 'COLOMBIA INTERNATIONAL UNIVERSITY'),
(351, 'IBA', 'INTERNATIONAL BENEFIT ASSOCIATION'),
(352, 'MCE', 'MOODY CONTINUING EDUCATION'),
(353, 'CBCS', 'COLOMBIA BIBLE COLLEGE & SEMINARY'),
(354, 'ASB', 'ASBURY THEOLOGICAL SEMINARY'),
(355, 'PBI', 'PRAIRIE BIBLE INSTITUTE'),
(357, 'CSBE', 'COLOMBIA SCHOOL OF BIBLICAL EDUCATION'),
(358, 'CF', 'CRISTIAN FOKUS'),
(359, 'LWP', 'LUTTER WORTH PRESS'),
(360, 'RBC', 'RBC MINISTRIES'),
(361, 'CB', 'CROSSWAY BOOKS'),
(362, 'BBC', 'BBC PRINTERS & PUBLISHERS'),
(363, 'EV', 'EVANGELIZATION'),
(364, 'VH', 'VISION HOUSE'),
(365, 'GPC', 'GARRARD PUBLISHING COMPANY'),
(366, 'AM', 'AMEM'),
(367, 'PJRN', 'PERSEKUTUAN JARINGAN RISET NASIONAL'),
(368, 'LADY', 'A LADYBIRD BOOK'),
(369, 'PATM', 'PATMOS JAKARTA'),
(370, 'OFF', 'ANDI OFFSET YOGYAKARTA'),
(371, 'THF', 'THE HESPERIAN FOUNDATION'),
(372, 'ESS', 'ESSENTIA MEDICA'),
(373, 'I3', 'INSTITUT INJIL INDONESIA'),
(374, 'FOR', 'SCOTT,FORESMAN COMPANY'),
(375, 'WOAL', 'WORLD ALMANAC'),
(376, 'MTP', 'MTP PRESS LIMITED'),
(377, 'COR', 'CORGI BOOKS'),
(378, 'HBW', 'HARCOURT BRACE & WORLD'),
(379, 'SCHO', 'SCHOLASTIC BOOK SERVISES'),
(380, 'DOU', 'DOUBLEDAY & COMPANY'),
(381, 'SIOL', 'SUMMER INSTITUTE OF LINGUISTICS'),
(382, 'KB', 'KESAINT BLANC'),
(383, 'GMA', 'GUNUNG MAS AGUNG JAKARTA'),
(384, 'BANT', 'BANTAM BOOKS'),
(385, 'FP', 'FEARON PUBLISHERS'),
(386, 'HIGH', 'HIGHLAND'),
(387, 'MAND', 'PT.MANDIRA SEMARANG'),
(388, 'AP', 'ABINGDON PRESS'),
(389, 'GOS', 'GOSPEL PUBLISHING HOUSE'),
(390, 'BROD', 'BRODERBUND'),
(391, 'SOTL', 'SWORD OF THE LORD'),
(392, 'TOT', 'THE OLIVE TREE PUBLICATIONS'),
(393, 'TFM', 'THE FAITH MISSION'),
(394, 'REE', 'A.H. & A.W.REED LTD'),
(395, 'DJA', 'DJAMBATAN'),
(396, 'STTB', 'SEKOLAH TINGGI TEOLOGI BANDUNG'),
(397, 'USM', 'ULIH SABER MEDAN'),
(398, 'ALWH', 'ALBERT WHITMAN & COMPANY CHIKAGO'),
(399, 'KEN', 'KENDANG SARI'),
(400, 'ROU', 'ROUTLEDGE'),
(401, 'INTEL', 'INTELECTUAL PUBLISHING'),
(402, 'PPP', 'PUSAT PENELITIAN PURBAKALA'),
(403, 'CORN', 'CORONET BOOK'),
(404, 'BLANC', 'KESAINT BLANC'),
(405, 'B&N', 'BARNES & NOBLE'),
(406, 'FB', 'FONTANA BOOKS'),
(407, 'MOON', 'MOON PUBLICATIONS'),
(408, 'ERL', 'ERLANGGA'),
(409, 'GRAM', 'GRAMEDIA PUSTAKA UTAMA'),
(410, 'ABC', 'AUSTRALIAN BROADCASTING COMMISSION'),
(411, 'DIP', 'DEAN\'S INTERNATIONAL PUBLISHING'),
(412, 'IATB', 'INSTITUT ALKITAB TIRANUS BANDUNG'),
(413, 'OHARA', 'MERY OHARA'),
(414, 'UIJ', 'UNIVERSITAS INDONESIA JAKARTA'),
(415, 'CUSAP', 'CORNELL UNIVERSITY SHOUTHEAST ASIA PROGRAM'),
(416, 'SB', 'SAMUEL BAGSTER AND SONS LIMITED'),
(417, 'RICOR', 'RICORDANZA'),
(418, 'TRTS', 'THE RELEGIOUS TRACT SOCIETY'),
(419, 'DIG', 'READERS DIGEST ASSOCIATION'),
(420, 'ISEAS', 'INSTITUTE OF SOUTHEAST ASIAN STUDIES'),
(421, 'ANUP', 'AUSTRALIAN NATIONAL UNIVERSITY PRESS'),
(422, 'PIT', 'PITMAN AUSTRALIA'),
(423, 'PCA', 'PRESBYTERIAN CHUCH IN AMERICA'),
(424, 'ZED', 'ZED'),
(425, 'FAITH', 'FAITH LINK'),
(426, 'FJ', 'FORTUNA JAYA'),
(427, 'WAR', 'WARNER BOOKS'),
(428, 'ING', 'INGRID TROBISCH'),
(429, 'AB', 'SCCENT BOOKS'),
(430, 'HLP', 'HERES LIFE PUBLISHERS'),
(431, 'BIR', 'BOOKMATES INCORPORATED'),
(432, 'FEL', 'BETHANY FELLOSHIP');

-- --------------------------------------------------------

--
-- Struktur dari tabel `datastatus`
--

CREATE TABLE `datastatus` (
  `Status` varchar(100) NOT NULL
) ENGINE=InnoDB DEFAULT CHARSET=utf8;

--
-- Dumping data untuk tabel `datastatus`
--

INSERT INTO `datastatus` (`Status`) VALUES
('ADA'),
('HILANG'),
('KELUAR');

-- --------------------------------------------------------

--
-- Struktur dari tabel `datatipebuku`
--

CREATE TABLE `datatipebuku` (
  `NO` int(11) NOT NULL,
  `TypeID` varchar(100) NOT NULL,
  `Type` varchar(100) DEFAULT NULL
) ENGINE=InnoDB DEFAULT CHARSET=utf8;

--
-- Dumping data untuk tabel `datatipebuku`
--

INSERT INTO `datatipebuku` (`NO`, `TypeID`, `Type`) VALUES
(1, 'BE', 'BUKU BAHASA INGGRIS      '),
(2, 'BI', 'BUKU BAHASA INDONESIA    '),
(3, 'BLBE', 'BULETIN BAHASA INGGRIS'),
(4, 'BLBI', 'BULETIN BAHASA INDONESIA'),
(5, 'JE', 'JURNAL BAHASA INGGRIS'),
(6, 'JI', 'JURNAL BAHASA INDONESIA');

-- --------------------------------------------------------

--
-- Struktur dari tabel `datauser`
--

CREATE TABLE `datauser` (
  `UserID` varchar(100) NOT NULL,
  `Name` varchar(60) NOT NULL,
  `Password` varchar(20) NOT NULL,
  `Status` tinyint(3) UNSIGNED DEFAULT NULL
) ENGINE=InnoDB DEFAULT CHARSET=utf8;

--
-- Dumping data untuk tabel `datauser`
--

INSERT INTO `datauser` (`UserID`, `Name`, `Password`, `Status`) VALUES
('1', 'ADMIN', 'ADMIN', 1),
('2', 'USER', 'PERPUS', 1),
('KUH', 'HUK', '1234', 2),
('SWI', 'INGATI', 'PERPUS', 1),
('WEC', 'RIBKAH', 'PERPUS', 1);

-- --------------------------------------------------------

--
-- Struktur dari tabel `profil`
--

CREATE TABLE `profil` (
  `header1` varchar(100) DEFAULT NULL,
  `header2` varchar(100) DEFAULT NULL,
  `header3` varchar(100) DEFAULT NULL,
  `footer1` varchar(100) DEFAULT NULL,
  `footer2` varchar(100) DEFAULT NULL
) ENGINE=InnoDB DEFAULT CHARSET=utf8;

--
-- Dumping data untuk tabel `profil`
--

INSERT INTO `profil` (`header1`, `header2`, `header3`, `footer1`, `footer2`) VALUES
('PERKANTAS', 'BOOKROOM', 'JL. TAMAN WILIS 9', 'BOOKROOM - PERKANTAS', '-');

--
-- Indexes for dumped tables
--

--
-- Indeks untuk tabel `dataauthor`
--
ALTER TABLE `dataauthor`
  ADD PRIMARY KEY (`NO`);

--
-- Indeks untuk tabel `databuku`
--
ALTER TABLE `databuku`
  ADD PRIMARY KEY (`ID`),
  ADD KEY `Barcode` (`Barcode`);

--
-- Indeks untuk tabel `datadendalama`
--
ALTER TABLE `datadendalama`
  ADD PRIMARY KEY (`Days`);

--
-- Indeks untuk tabel `datakondisi`
--
ALTER TABLE `datakondisi`
  ADD PRIMARY KEY (`Condition`);

--
-- Indeks untuk tabel `datalogin`
--
ALTER TABLE `datalogin`
  ADD KEY `Date` (`Date`),
  ADD KEY `UserID` (`UserID`);

--
-- Indeks untuk tabel `datapublisher`
--
ALTER TABLE `datapublisher`
  ADD PRIMARY KEY (`NO`);

--
-- Indeks untuk tabel `datastatus`
--
ALTER TABLE `datastatus`
  ADD PRIMARY KEY (`Status`);

--
-- Indeks untuk tabel `datatipebuku`
--
ALTER TABLE `datatipebuku`
  ADD PRIMARY KEY (`NO`);

--
-- Indeks untuk tabel `datauser`
--
ALTER TABLE `datauser`
  ADD PRIMARY KEY (`UserID`);

--
-- AUTO_INCREMENT untuk tabel yang dibuang
--

--
-- AUTO_INCREMENT untuk tabel `dataauthor`
--
ALTER TABLE `dataauthor`
  MODIFY `NO` int(11) NOT NULL AUTO_INCREMENT, AUTO_INCREMENT=861;

--
-- AUTO_INCREMENT untuk tabel `datapublisher`
--
ALTER TABLE `datapublisher`
  MODIFY `NO` int(11) NOT NULL AUTO_INCREMENT, AUTO_INCREMENT=433;

--
-- AUTO_INCREMENT untuk tabel `datatipebuku`
--
ALTER TABLE `datatipebuku`
  MODIFY `NO` int(11) NOT NULL AUTO_INCREMENT, AUTO_INCREMENT=7;
COMMIT;

/*!40101 SET CHARACTER_SET_CLIENT=@OLD_CHARACTER_SET_CLIENT */;
/*!40101 SET CHARACTER_SET_RESULTS=@OLD_CHARACTER_SET_RESULTS */;
/*!40101 SET COLLATION_CONNECTION=@OLD_COLLATION_CONNECTION */;
